Workbook

Sheet README
A1: Coming soon!
A2: Substrate characterization: all influent characterization. In green, from measurments, in yellow calculations (in the "key" it is specified if they come from measurement or literature values), in red values taken from literature.
A3: SteadyState: calculation based on s.Antonio reactor as simulated in Modelica and real measurments of substrates characteristics. COD/VS is based on Modelica conversions (NB error in composite COD/VS calculation to be fixed)

Sheet Substrate characterization
A1: From literature (see "Feedstock.xlsx") | D1: TS | E1: VS/TS | F1: VS/TS_literature | G1: COD | H1: COD_calc_literature | I1: COD/VS_literature | J1: VFA | K1: VFA_literature | L1: BMPexp | M1: BD | N1: TN | O1: Tnsol | P1: PR | Q1: LI | R1: Cellulose | S1: Hemicellulose | T1: Lignin | U1: Starch/NFC | V1: Non-fibrous CH | W1: Sugars | X1: CH | Y1: RF | Z1: Mass balance_literature | AA1: PR_literature | AB1: LI_literature | AC1: Cellulose_literature | AD1: Hemicellulose_literature | AE1: Lignin_literature | AF1: Starch/NFC_literature | AG1: Non-fibrous CH_literature | AH1: Sugars_literature | AI1: CH_literature | AJ1: RF_literature | AK1: Mass balance_literature | AL1: Cellulose BD | AM1: Carbohydrates | AN1: Protein BD | AO1: Lipids BD | AP1: VS BD | AQ1: TS | AR1: VS | AS1: pH | AT1: Alk | AU1: N-NH4 | AV1: P-PO4 | AW1: CODs | AX1: Ca | AY1: Mg | AZ1: Acetate | BA1: Propinate | BB1: Butirate | BC1: Valerate | BD1: S_su | BE1: S_aa | BF1: S_fa | BG1: VS BD (from BMP) | BH1: S_i | BI1: BMPexp | BJ1: BMP | BK1: BMP | BL1: BMP | BM1: BMPth | BN1: BMPth | BO1: BMPth | BP1: BMPth | BQ1: Xi | BR1: Xpr | BS1: Xli | BT1: Xch | BU1: Xlig | BV1: Xi | BW1: Xpr | BX1: Xli | BY1: Xch | BZ1: COD/VS
A2: Calculation | D2: g/kg | E2: % | F2: % | G2: g/kg | H2: g/kg | K2: %TS | L2: NmLch4/gVS | M2: gCOD_BD/g_COD | N2: gN/kg | O2: gN/kg | P2: %TS | Q2: %TS | R2: %TS | S2: %TS | T2: %TS | U2: %TS | V2: %TS | W2: %TS | X2: %TS | Y2: %TS | AA2: %TS | AB2: %TS | AC2: %TS | AD2: %TS | AE2: %TS | AF2: %TS | AG2: %TS | AH2: %TS | AI2: %TS | AJ2: %TS | AL2: % | AM2: % | AN2: % | AO2: % | AP2: % | AQ2: g/kg | AR2: g/kg | AS2: - | AT2: mgCaCO3/L | AU2: mgN/L | AV2: mgP/L | AW2: mgCOD/L | AX2: mol/L | AY2: mol/L | AZ2: gCOD/L | BA2: gCOD/L | BB2: gCOD/L | BC2: gCOD/L | BD2: gCOD/L | BE2: gCOD/L | BF2: gCOD/L | BG2: % | BH2: gCOD/L | BI2: NmLch4/gVS | BJ2: NmLch4/gVS | BK2: NmLch4/gVS | BL2: NmLch4/gVS | BM2: NmL gas/gVS | BN2: NmLch4/gVS | BO2: NmLch4/gVS | BP2: NmLch4/gCOD | BQ2: gCOD/L | BR2: gCOD/L | BS2: gCOD/L | BT2: gCOD/L | BU2: gCOD/L | BV2: gCOD/gVS | BW2: gCOD/gVS | BX2: gCOD/gVS | BY2: gCOD/gVS
A3: From measurments | R3: ADF-ADL | S3: NDF-ADF | T3: ADL | U3: RF+NfE-NDF | V3: Sugars+Starch+Pectines+Organic Acids | X3: RF+NfE | AC3: ADF-ADL | AD3: NDF-ADF | AE3: ADL | AF3: RF+NfE-NDF | AG3: Sugars+Starch+Pectines+Organic Acids | AI3: RF+NfE | AM3: Weissbach e Weinrich. FOM = frazione digeribile dal rumine + estrezione di origine endogena | AZ3: 1.07 | BA3: 1.51 | BB3: 1.82 | BC3: 2.04 | BD3: 1.07 | BE3: 1.53 | BF3: 2.87 | BN3: 5% for bacterial growth. 7% for C5H9O3N Triolo 2011 | BR3: =32*(AA4+AA5/4-3*AA6/4-AA7/2)/($AA$4*12+$AA$5+$AA$6*14+$AA$7*16) -> 1.5303551 | BS3: =32*(AB4+AB5/4-3*AB6/4-AB7/2)/($AB$4*12+$AB$5+$AB$6*14+$AB$7*16) -> 2.8784119 | BT3: =32*(AI4+AI5/4-3*AI6/4-AI7/2)/($AI$4*12+$AI$5+$AI$6*14+$AI$7*16) -> 1.1851852 | BU3: 1.37
B4: C | C4: mol/mol | D4: 12 | P4: 4 | Q4: 51 | T4: 10 | W4: 6 | X4: 6 | AA4: 4 | AB4: 51 | AE4: 10 | AH4: 6 | AI4: 6 | BJ4: PR | BK4: =1000*22.4*(AA4/2+AA5/8-AA7/4-3*AA6/8)/(AA4*12+AA5+AA6*14+AA7*16) -> 535.62428 | BL4: =1000*22.4*(AA4/2-AA5/8+AA7/4+3*AA6/8)/(AA4*12+AA5+AA6*14+AA7*16) -> 490.72165 | BM4: =BK4/(BK4+BL4) -> 0.521875 | BN4: =1000*22.4*(AA4/2+AA5/8-AA7/4-3*AA6/8-0.05*5/2)/(AA4*12+AA5+AA6*14+AA7*16) -> 503.55097 | BO4: =BK4/$BR$3 -> 350 | BP4: =BN4/$BR$3 -> 329.04192 | BR4: =AA4/($AA$4*12+$AA$5+$AA$6*14+$AA$7*16)/$BR$3 -> 0.02994012 | BS4: =AB4/($AB$4*12+$AB$5+$AB$6*14+$AB$7*16)/$BS$3 -> 0.021982759 | BT4: =AI4/($AI$4*12+$AI$5+$AI$6*14+$AI$7*16)/$BT$3 -> 0.03125
B5: H | C5: mol/mol | D5: 1 | P5: 6.1 | Q5: 98 | T5: 13 | W5: 12 | X5: 10 | AA5: 6.1 | AB5: 98 | AE5: 13 | AH5: 12 | AI5: 10 | BJ5: LI | BK5: =1000*22.4*(AB4/2+AB5/8-AB7/4-3*AB6/8)/(AB4*12+AB5+AB6*14+AB7*16) -> 1007.4442 | BL5: =1000*22.4*(AB4/2-AB5/8+AB7/4+3*AB6/8)/(AB4*12+AB5+AB6*14+AB7*16) -> 409.92556 | BM5: =BK5/(BK5+BL5) -> 0.71078431 | BN5: =1000*22.4*(AB4/2+AB5/8-AB7/4-3*AB6/8-0.05*5/2)/(AB4*12+AB5+AB6*14+AB7*16) -> 1003.9702 | BO5: =BK5/$BS$3 -> 350 | BP5: =BN5/$BS$3 -> 348.7931 | BR5: =AA5/($AA$4*12+$AA$5+$AA$6*14+$AA$7*16)/$BR$3 -> 0.045658683 | BS5: =AB5/($AB$4*12+$AB$5+$AB$6*14+$AB$7*16)/$BS$3 -> 0.042241379 | BT5: =AI5/($AI$4*12+$AI$5+$AI$6*14+$AI$7*16)/$BT$3 -> 0.052083333
B6: N | C6: mol/mol | D6: 14 | P6: 1 | Q6: 0 | T6: 0 | W6: 0 | X6: 0 | AA6: 1 | AB6: 0 | AE6: 0 | AH6: 0 | AI6: 0 | BJ6: CH | BK6: =1000*22.4*(AI4/2+AI5/8-AI7/4-3*AI6/8)/(AI4*12+AI5+AI6*14+AI7*16) -> 414.81481 | BL6: =1000*22.4*(AI4/2-AI5/8+AI7/4+3*AI6/8)/(AI4*12+AI5+AI6*14+AI7*16) -> 414.81481 | BM6: =BK6/(BK6+BL6) -> 0.5 | BN6: =1000*22.4*(AI4/2+AI5/8-AI7/4-3*AI6/8-0.05*5/2)/(AI4*12+AI5+AI6*14+AI7*16) -> 397.53086 | BO6: =BK6/$BT$3 -> 350 | BP6: =BN6/$BT$3 -> 335.41667 | BR6: =AA6/($AA$4*12+$AA$5+$AA$6*14+$AA$7*16)/$BR$3 -> 0.0074850299 | BS6: =AB6/($AB$4*12+$AB$5+$AB$6*14+$AB$7*16)/$BS$3 -> 0 | BT6: =AI6/($AI$4*12+$AI$5+$AI$6*14+$AI$7*16)/$BT$3 -> 0
B7: O | C7: mol/mol | D7: 12 | P7: 1.2 | Q7: 6 | T7: 3 | W7: 6 | X7: 5 | AA7: 1.2 | AB7: 6 | AE7: 3 | AH7: 6 | AI7: 5 | AM7: 3.5 | AN7: 2 | AO7: 0.5 | BR7: =AA7/($AA$4*12+$AA$5+$AA$6*14+$AA$7*16)/$BR$3 -> 0.0089820359 | BS7: =AB7/($AB$4*12+$AB$5+$AB$6*14+$AB$7*16)/$BS$3 -> 0.0025862069 | BT7: =AI7/($AI$4*12+$AI$5+$AI$6*14+$AI$7*16)/$BT$3 -> 0.026041667
A8: Nota: Campionamento il 10/07 da s.Antonio post-fermentatore. Post-fermentatore non funziona la linea gas | B8: 45117 | C8: Digestate s.Antonio | D8: 87.4 | E8: 77.2 | H8: =(AH8*$AZ$3+(AI8-AH8-AE8)*$BT$3+$BS$3*AB8+$BR$3*AA8+K8*$AZ$3+AE8*$BU$3)*D8/100 -> 0 | L8: 124 | M8: =L8/I8/330 -> #DIV/0! | Z8: =E8-P8-Q8-X8-J8 -> 77.2 | AK8: =F8-AA8-AB8-AI8 -> 0 | AL8: 28 | AM8: 43 | AN8: =204/279*100 -> 73.11828 | AO8: =26/52*100 -> 50 | AP8: =IF(D8<150,47,56) -> 47 | AQ8: =D8 -> 87.4 | AR8: =E8*D8/100 -> 67.4728 | AS8: 7.4 | AT8: =2*AVERAGE(9209,9090) -> 18299 | AU8: =23.7*100 -> 2370 | AW8: =190*100 -> 19000 | BJ8: =AP8/100*BO8 -> 0 | BK8: =(AA8*AN8/100*0.496+AB8*AO8/100*1.014+AI8*AM8/100*0.415)/E8*1000 -> 0 | BL8: =(0.5495*AN8/100*AA8+0.415*AF8+0.383*AH8+0.948*AB8+0.373*(AG8-AF8)+(AM8/100*AI8-AF8)*0.415)/E8*1000 -> 0 | BM8: =(AA8*0.7+AB8*1.25+AI8*0.79)/E8*1000 -> 0 | BN8: =(AA8*0.7*0.71+AB8*1.25*0.68+AI8*0.79*0.5)/E8*1000 -> 0 | BO8: =(AA8*0.496+AB8*1.014+AI8*0.415)/E8*1000 -> 0 | BP8: =IF(H8="","",BO8/(H8/(D8*E8/100))) -> #DIV/0! | BQ8: =D8/100*(((100-AM8)/100*AI8*$BT$3)+((100-AN8)/100*AA8*$BR$3)+((100-AO8)/100*AB8*$BS$3)) -> 0 | BR8: =AA8*D8/100*AN8/100*$BR$3 -> 0 | BS8: =AB8*D8/100*AO8/100*$BS$3 -> 0 | BT8: =AI8*D8/100*AM8/100*$BT$3 -> 0 | BV8: =BQ8/(D8*E8/100) -> 0 | BW8: =BR8/(D8*E8/100) -> 0 | BX8: =BS8/(D8*E8/100) -> 0 | BY8: =BT8/(D8*E8/100) -> 0 | BZ8: =G8/(D8*E8)/10 -> 0
A9: Nota: 19/10/2023 COD/VS il calculated from literature composition | B9: 45117 | C9: Tomato | D9: 41.5 | E9: 86.9 | H9: =(AH9*$AZ$3+(AI9-AH9-AE9)*$BT$3+$BS$3*AB9+$BR$3*AA9+K9*$AZ$3+AE9*$BU$3)*D9/100 -> 0 | L9: 379 | M9: =L9/I9/330 -> #DIV/0! | Z9: =E9-P9-Q9-X9-J9 -> 86.9 | AK9: =F9-AA9-AB9-AI9 -> 0 | AL9: 28 | AM9: =100*(AI9*10-(35+0.47*AJ9*10+0.00104*(AJ9*10)^2)+35)/(AI9*10) -> #DIV/0! | AN9: =100*(AA9*10-36+20)/(AA9*10) -> #DIV/0! | AO9: =100*(AB9*10-5+5)/(AB9*10) -> #DIV/0! | AP9: =(AN9*AA9+AM9*AI9+AO9*AB9)/E9 -> #DIV/0! | AQ9: =D9 -> 41.5 | AR9: =E9*D9/100 -> 36.0635 | BJ9: =AP9/100*BO9 -> #DIV/0! | BK9: =(AA9*AN9/100*0.496+AB9*AO9/100*1.014+AI9*AM9/100*0.415)/E9*1000 -> #DIV/0! | BL9: =(0.5495*AN9/100*AA9+0.415*AF9+0.383*AH9+0.948*AB9+0.373*(AG9-AF9)+(AM9/100*AI9-AF9)*0.415)/E9*1000 -> #DIV/0! | BM9: =(AA9*0.7+AB9*1.25+AI9*0.79)/E9*1000 -> 0 | BN9: =(AA9*0.7*0.71+AB9*1.25*0.68+AI9*0.79*0.5)/E9*1000 -> 0 | BO9: =(AA9*0.496+AB9*1.014+AI9*0.415)/E9*1000 -> 0 | BP9: =IF(H9="","",BO9/(H9/(D9*E9/100))) -> #DIV/0! | BQ9: =G9-BR9-BS9-BT9 -> 0 | BR9: =$BR$3*AA9*$AN$8/100*D9/100 -> 0 | BS9: =$BS$3*$AO$8/100*AB9*D9/100 -> 0 | BT9: =$BT$3*($AL$8/100*AC9+AD9+AF9)/100*D9 -> 0 | BV9: =BQ9/(D9*E9/100) -> 0 | BW9: =BR9/(D9*E9/100) -> 0 | BX9: =BS9/(D9*E9/100) -> 0 | BY9: =BT9/(D9*E9/100) -> 0 | BZ9: =G9/(D9*E9)/10 -> 0
A10: Nota: Cremona project TS are 90 g/L and 340 g/L for cow slurry and maize silage respectively | B10: 45117 | C10: Egg pasta | D10: 672.2 | E10: 99 | F10: 99 | H10: =(AH10*$AZ$3+(AI10-AH10-AE10)*$BT$3+$BS$3*AB10+$BR$3*AA10+K10*$AZ$3+AE10*$BU$3)*D10/100 -> 905.46329 | I10: =H10/(F10*D10/100) -> 1.3606209 | L10: 361 | M10: =L10/I10/330 -> 0.80400013 | P10: =AA10*$E$10/$F$10 -> 17.809439 | Q10: =AB10*$E$10/$F$10 -> 6.2333037 | R10: =AC10*$E$10/$F$10 -> 0 | S10: =AD10*$E$10/$F$10 -> 3.45 | T10: =AE10*$E$10/$F$10 -> 0 | U10: =AF10*$E$10/$F$10 -> 69.456812 | V10: =AG10*$E$10/$F$10 -> 72.350846 | W10: =AH10*$E$10/$F$10 -> 2.8940338 | X10: =AI10*$E$10/$F$10 -> 75.800846 | Z10: =E10-P10-Q10-X10-J10 -> -0.8435886 | AA10: 17.809439 | AB10: 6.2333037 | AD10: 3.45 | AF10: 69.456812 | AG10: 72.350846 | AH10: 2.8940338 | AI10: =SUM(AC10:AF10,AH10) -> 75.800846 | AK10: =F10-AA10-AB10-AI10-K10 -> -0.8435886 | BZ10: =G10/(D10*E10)/10 -> 0
A11: Nota: dati da s.Antonio 2022 cow slurry and maize silage TS between 60-80 g/L and 330-390 g/L respectively. Semoline 478 g/L. | B11: 45117 | C11: Farinaccio di frumento | H11: =(AH11*$AZ$3+(AI11-AH11-AE11)*$BT$3+$BS$3*AB11+$BR$3*AA11+K11*$AZ$3+AE11*$BU$3)*D11/100 -> 0 | Z11: =E11-P11-Q11-X11-J11 -> 0 | AK11: =F11-AA11-AB11-AI11-K11 -> 0 | BZ11: =G11/(D11*E11)/10 -> #DIV/0!
A12: Nota: add data from BTS and Gelosa? | B12: 45117 | C12: Semoline | D12: 466.2 | E12: 83.7 | F12: 83.7 | H12: =(AH12*$AZ$3+(AI12-AH12-AE12)*$BT$3+$BS$3*AB12+$BR$3*AA12+K12*$AZ$3+AE12*$BU$3)*D12/100 -> 500.49103 | I12: =H12/(F12*D12/100) -> 1.2826217 | J12: =K12*$E$13/$F$13 -> 0 | K12: 0 | L12: 346 | M12: =L12/I12/330 -> 0.8174545 | P12: =AA12*$E$12/$F$12 -> 13.608924 | Q12: =AB12*$E$12/$F$12 -> 2.2511002 | R12: =AC12*$E$12/$F$12 -> 5.6993765 | S12: =AD12*$E$12/$F$12 -> 1.5655379 | T12: =AE12*$E$12/$F$12 -> 0 | U12: =AF12*$E$12/$F$12 -> 57.505379 | V12: =AG12*$E$12/$F$12 -> 57.505379 | W12: =AH12*$E$12/$F$12 -> 3.0696822 | X12: =AI12*$E$12/$F$12 -> 67.839976 | Z12: =E12-P12-Q12-X12-J12 -> -1.4210855e-14 | AA12: 13.608924 | AB12: 2.2511002 | AC12: 5.6993765 | AD12: 1.5655379 | AE12: 0 | AF12: 57.505379 | AG12: 57.505379 | AH12: 3.0696822 | AI12: =SUM(AC12:AF12,AH12) -> 67.839976 | AK12: =F12-AA12-AB12-AI12-K12 -> -1.4210855e-14 | BZ12: =G12/(D12*E12)/10 -> 0
B13: 45160 | C13: Maize silage | D13: 278.3 | E13: 95.9 | F13: 96.5 | H13: =(AH13*$AZ$3+(AI13-AH13-AE13)*$BT$3+$BS$3*AB13+$BR$3*AA13+K13*$AZ$3+AE13*$BU$3)*D13/100 -> 337.42687 | I13: =H13/(F13*D13/100) -> 1.2564325 | J13: =K13*$E$13/$F$13 -> 2.9714093 | K13: 2.99 | L13: 344 | M13: =L13/I13/330 -> 0.82966994 | P13: =AA13*$E$13/$F$13 -> 6.8570984 | Q13: =AB13*$E$13/$F$13 -> 2.5838342 | R13: =AC13*$E$13/$F$13 -> 22.161347 | S13: =AD13*$E$13/$F$13 -> 14.608601 | T13: =AE13*$E$13/$F$13 -> 1.6894301 | U13: =AF13*$E$13/$F$13 -> 44.322694 | V13: =AG13*$E$13/$F$13 -> 0 | W13: =AH13*$E$13/$F$13 -> 0.89440415 | X13: =AI13*$E$13/$F$13 -> 83.676477 | Z13: =E13-P13-Q13-X13-J13 -> -0.18881865 | AA13: 6.9 | AB13: 2.6 | AC13: 22.3 | AD13: 14.7 | AE13: 1.7 | AF13: =31.2+13.4 -> 44.6 | AH13: 0.9 | AI13: =SUM(AC13:AF13,AH13) -> 84.2 | AK13: =F13-AA13-AB13-AI13-K13 -> -0.19 | BZ13: =G13/(D13*E13)/10 -> 0
B14: 45160 | C14: Cow slurry s.Antonio | D14: 48.4 | E14: 76 | F14: 80 | H14: =(AH14*$AZ$3+(AI14-AH14-AE14)*$BT$3+$BS$3*AB14+$BR$3*AA14+K14*$AZ$3+AE14*$BU$3)*D14/100 -> 59.423395 | I14: =H14/(F14*D14/100) -> 1.5346951 | J14: =K14*$E$14/$F$14 -> 9.3385 | K14: 9.83 | L14: 273 | M14: =L14/I14/330 -> 0.53904695 | P14: =AA14*$E$14/$F$14 -> 16.055 | Q14: =AB14*$E$14/$F$14 -> 5.035 | R14: =AC14*$E$14/$F$14 -> 17.29 | S14: =AD14*$E$14/$F$14 -> 10.545 | T14: =AE14*$E$14/$F$14 -> 14.155 | U14: =AF14*$E$14/$F$14 -> 12.825 | V14: =AG14*$E$14/$F$14 -> 0 | W14: =AH14*$E$14/$F$14 -> 0 | X14: =AI14*$E$14/$F$14 -> 54.815 | Z14: =E14-P14-Q14-X14-J14 -> -9.2435 | AA14: 16.9 | AB14: 5.3 | AC14: 18.2 | AD14: 11.1 | AE14: 14.9 | AF14: 13.5 | AI14: =SUM(AC14:AF14,AH14) -> 57.7 | AK14: =F14-AA14-AB14-AI14-K14 -> -9.73 | BZ14: =G14/(D14*E14)/10 -> 0
B15: 45160 | C15: Liquid digestate s.Antonio | D15: 48.1 | E15: 61.4 | H15: =(AH15*$AZ$3+(AI15-AH15-AE15)*$BT$3+$BS$3*AB15+$BR$3*AA15+K15*$AZ$3+AE15*$BU$3)*D15/100 -> 0 | L15: 60 | M15: =L15/I15/330 -> #DIV/0! | Z15: =E15-P15-Q15-X15-J15 -> 61.4 | AK15: =F15-AA15-AB15-AI15 -> 0 | BZ15: =G15/(D15*E15)/10 -> 0
B16: 45160 | C16: Tomato souce | D16: 76.9 | E16: 85.4 | F16: 95 | H16: =(AH16*$AZ$3+(AI16-AH16-AE16)*$BT$3+$BS$3*AB16+$BR$3*AA16+K16*$AZ$3+AE16*$BU$3)*D16/100 -> 106.27061 | I16: =H16/(F16*D16/100) -> 1.4546658 | J16: =K16*$E$16/$F$16 -> 1.6720421 | K16: 1.86 | L16: 383 | M16: =L16/I16/330 -> 0.79785066 | P16: =AA16*$E$16/$F$16 -> 7.2642212 | Q16: =AB16*$E$16/$F$16 -> 13.620415 | R16: =AC16*$E$16/$F$16 -> 0 | S16: =AD16*$E$16/$F$16 -> 27.238105 | T16: =AE16*$E$16/$F$16 -> 0 | U16: =AF16*$E$16/$F$16 -> 0 | V16: =AG16*$E$16/$F$16 -> 0 | W16: =AH16*$E$16/$F$16 -> 37.229133 | X16: =AI16*$E$16/$F$16 -> 64.467239 | Z16: =E16-P16-Q16-X16-J16 -> -1.6239166 | AA16: =0.8/(1.5+5.5+1.6+0.8+0.5)*100 -> 8.0808081 | AB16: =1.5/(1.5+5.5+1.6+0.8+0.5)*100 -> 15.151515 | AD16: 30.3 | AH16: =4.1/(1.5+5.5+1.6+0.8+0.5)*100 -> 41.414141 | AI16: =SUM(AC16:AF16,AH16) -> 71.714141 | AK16: =F16-AA16-AB16-AI16-K16 -> -1.8064646 | BZ16: =G16/(D16*E16)/10 -> 0
B17: 45160 | C17: Tomato souce | D17: 76.9 | E17: 85.4 | F17: =(1.3+5.3)/(0.4+1.3+5.3)*100 -> 94.285714 | J17: =K17*$E$17/$F$17 -> 1.6847091 | K17: 1.86 | P17: =AA17*$E$17/$F$17 -> 16.821212 | Q17: =AB17*$E$17/$F$17 -> 0 | R17: =AC17*$E$17/$F$17 -> 0 | S17: =AD17*$E$17/$F$17 -> 28.803091 | T17: =AE17*$E$17/$F$17 -> 0 | U17: =AF17*$E$17/$F$17 -> 0 | V17: =AG17*$E$17/$F$17 -> 0 | W17: =AH17*$E$17/$F$17 -> 39.775697 | X17: =AI17*$E$17/$F$17 -> 68.578788 | Z17: =E17-P17-Q17-X17-J17 -> -1.6847091 | AA17: =1.3/((0.4+1.3+5.3))*100 -> 18.571429 | AD17: =5.3*0.42/((0.4+1.3+5.3))*100 -> 31.8 | AH17: =5.3*(1-0.42)/((0.4+1.3+5.3))*100 -> 43.914286 | AI17: =SUM(AC17:AF17,AH17) -> 75.714286 | AK17: =F17-AA17-AB17-AI17-K17 -> -1.86 | BZ17: =G17/(D17*E17)/10 -> 0
B18: 45160 | C18: Semoline? | BZ18: =G18/(D18*E18)/10 -> #DIV/0!
B19: 45219 | C19: Liquid digestate s.Antonio | D19: =(6.0607-4.6455)/(29.6598-4.6455)*1000 -> 56.575639 | E19: =(D19-(5.1238-4.6455)/(29.6598-4.6455)*1000)/D19*100 -> 66.202657 | AS19: 8.12 | AT19: 21097.76 | AU19: 2260 | AV19: 94.4 | BZ19: =G19/(D19*E19)/10 -> 0
B20: 45219 | C20: Liquid digestate s.Antonio | D20: =(6.1667-4.3933)/(35.7883-4.3933)*1000 -> 56.486702 | E20: =(D20-(4.9968-4.3933)/(35.7883-4.3933)*1000)/D20*100 -> 65.969324 | BZ20: =G20/(D20*E20)/10 -> 0
B21: 45222 | C21: Cow slurry s.Antonio | D21: =(6.128-4.407)/(30.4458-4.407)*1000 -> 66.093676 | E21: =(D21-(4.7656-4.407)/(30.4458-4.407)*1000)/D21*100 -> 79.163277 | BZ21: =G21/(D21*E21)/10 -> 0
B22: 45222 | C22: Cow slurry s.Antonio | D22: =(6.0943-4.4178)/(29.4099-4.4178)*1000 -> 67.081198 | E22: =(D22-(4.7542-4.4178)/(29.4099-4.4178)*1000)/D22*100 -> 79.934387 | BZ22: =G22/(D22*E22)/10 -> 0
B23: 45224 | C23: Maize silage | D23: =(5.9775-4.4396)/(10.4616-4.4396)*1000 -> 255.38027 | E23: =(D23-(4.5088-4.4396)/(10.4616-4.4396)*1000)/D23*100 -> 95.500358 | AZ23: =(914.8*0.27522-115.4*0.25)/25.22*AZ3 -> 9.4578011 | BA23: =(158.2*0.27522-0*0.25)/25.22*BA3 -> 2.6068638 | BB23: =((12.6+18.3)*0.27522-11*0.25)/25.22*BB3 -> 0.41525862 | BC23: 0 | BD23: =((84.14*0.27522-30.7*0.25)/25.22*BD3) -> 0.65684978 | BZ23: =G23/(D23*E23)/10 -> 0
B24: 45224 | C24: Maize silage | D24: =(6.0368-4.3551)/(10.3591-4.3551)*1000 -> 280.0966 | E24: =(D24-(4.4172-4.3551)/(10.3591-4.3551)*1000)/D24*100 -> 96.307308 | BZ24: =G24/(D24*E24)/10 -> 0
B25: 45224 | C25: Tomato souce | D25: =(5.4239-4.4578)/(17.6867-4.4578)*1000 -> 73.029504 | E25: =(D25-(4.6005-4.4578)/(17.6867-4.4578)*1000)/D25*100 -> 85.229272 | BZ25: =G25/(D25*E25)/10 -> 0
B26: 45224 | C26: Tomato souce | D26: =(5.5463-4.4173)/(19.9584-4.4173)*1000 -> 72.64608 | E26: =(D26-(4.5859-4.4173)/(19.9584-4.4173)*1000)/D26*100 -> 85.06643 | BZ26: =G26/(D26*E26)/10 -> 0
B27: 45233 | C27: Cow slurry s.Antonio | D27: =(6.4514-4.2815)/(42.6476-4.2815)*1000 -> 56.557742 | E27: =(D27-(4.7666-4.2815)/(42.6476-4.2815)*1000)/D27*100 -> 77.644131 | BZ27: =G27/(D27*E27)/10 -> 0
B28: 45233 | C28: Cow slurry s.Antonio | D28: =(6.4404-4.3786)/(40.7965-4.3786)*1000 -> 56.615016 | E28: =(D28-(4.8296-4.3786)/(40.7965-4.3786)*1000)/D28*100 -> 78.125909 | BZ28: =G28/(D28*E28)/10 -> 0
B29: 45233 | C29: "Dig Degas" | D29: 54.101984 | E29: 62.067175 | BZ29: =G29/(D29*E29)/10 -> 0
B30: 45233 | C30: "Dig Degas" | D30: 54.643183 | E30: 62.630749 | BZ30: =G30/(D30*E30)/10 -> 0
B31: 45233 | C31: Liquid digestate s.Antonio after sieving on 18.10 | D31: 55.27746 | E31: 64.920668 | BZ31: =G31/(D31*E31)/10 -> 0
B32: 45233 | C32: Liquid digestate s.Antonio after sieving on 18.10 | D32: 55.464861 | E32: 64.580709 | BZ32: =G32/(D32*E32)/10 -> 0
B33: 45233 | C33: Cow slurry s.Antonio | AS33: 7.68 | AT33: =5800.2*2 -> 11600.4 | AU33: =58.6*20 -> 1172 | AV33: =2.8*20 -> 56 | AW33: =648*20 -> 12960 | AZ33: =AZ3*3059/1000 -> 3.27313 | BA33: =BA3*1331/1000 -> 2.00981 | BB33: =BB3*(140+165)/1000 -> 0.5551 | BC33: =BC3*(191+53)/1000 -> 0.49776 | BZ33: =G33/(D33*E33)/10 -> #DIV/0!
B34: 45245 | C34: Cow slurry s.Antonio | D34: 54.834954 | E34: 78.347922 | BZ34: =G34/(D34*E34)/10 -> 0
B35: 45245 | C35: Cow slurry s.Antonio | D35: 55.008448 | E35: 77.211136 | BZ35: =G35/(D35*E35)/10 -> 0
B36: 45272 | C36: Maize silage | D36: 278.62397 | E36: 95.159255 | AZ36: =(1209.87*0.27522-115.4*0.25)/25.22*AZ3 -> 12.903234 | BA36: =(134.73*0.27522-0*0.25)/25.22*BA3 -> 2.2201185 | BB36: =(13.3*0.27522-11*0.25)/25.22*BB3 -> 0.065700845 | BC36: 0 | BD36: =((153.02*0.27522-30.7*0.25)/25.22*BD3) -> 1.4611382 | BZ36: =G36/(D36*E36)/10 -> 0
B37: 45272 | C37: Maize silage | D37: 248.62515 | E37: 94.389439 | BZ37: =G37/(D37*E37)/10 -> 0
B38: 45272 | C38: Cow slurry s.Antonio | D38: 68.187594 | E38: 80.467317 | BZ38: =G38/(D38*E38)/10 -> 0
B39: 45272 | C39: Cow slurry s.Antonio | D39: 69.637924 | E39: 81.047461 | BZ39: =G39/(D39*E39)/10 -> 0
B40: 45280 | C40: Cow slurry s.Antonio | D40: 46.607672 | E40: 78.343528 | BZ40: =G40/(D40*E40)/10 -> 0
B41: 45280 | C41: Cow slurry s.Antonio | D41: 47.463888 | E41: 78.463045 | BZ41: =G41/(D41*E41)/10 -> 0
A42: NEW BATCH | B42: 45306 | C42: Maize silage | AZ42: =(1209.8*0.275-373*0.25)/25.14*AZ3 -> 10.191175 | BA42: =(292.73*0.22-0*0.2)/20*BA3 -> 4.8622453 | BB42: =((14+17)*0.22-23.6*0.2)/20*BB3 -> 0.1911 | BC42: 0 | BD42: add | BZ42: =G42/(D42*E42)/10 -> #DIV/0!
B43: 45308 | C43: Tomato souce | D43: =(5.4239-4.4578)/(17.6867-4.4578)*1000 -> 73.029504 | E43: =(D43-(4.6005-4.4578)/(17.6867-4.4578)*1000)/D43*100 -> 85.229272 | G43: =1916*50 -> 95800 | AW43: =640*50 -> 32000 | AZ43: 2.99707 | BA43: 0 | BB43: 0.20697404 | BC43: 0.05001468 | BZ43: =G43/(D43*E43)/10 -> 1.5391409
B44: 45313 | C44: Tomato souce | D44: =(5.5463-4.4173)/(19.9584-4.4173)*1000 -> 72.64608 | E44: =(D44-(4.5859-4.4173)/(19.9584-4.4173)*1000)/D44*100 -> 85.06643 | AZ44: 1.023241 | BA44: 0 | BB44: 0 | BC44: 0.12298548 | BZ44: =G44/(D44*E44)/10 -> 0
A45: OLD | B45: 45313 | C45: Cow slurry s.Antonio | D45: 54.556813 | E45: 89.910894 | G45: =1682*50 -> 84100 | AW45: =510*50 -> 25500 | BZ45: =G45/(D45*E45)/10 -> 1.7144889
A46: OLD | B46: 45313 | C46: Cow slurry s.Antonio | D46: 54.794952 | E46: 89.910894 | BZ46: =G46/(D46*E46)/10 -> 0
B47: 45329 | C47: Cow slurry s.Antonio | D47: 49.939829 | E47: 89.973656 | BZ47: =G47/(D47*E47)/10 -> 0
B48: 45329 | C48: Cow slurry s.Antonio | D48: 52.109124 | E48: 91.645324 | BZ48: =G48/(D48*E48)/10 -> 0
B49: 45341 | C49: Cow slurry s.Antonio | D49: 45.242149 | E49: 76.246938 | BZ49: =G49/(D49*E49)/10 -> 0
B50: 45341 | C50: Cow slurry s.Antonio | D50: 42.827709 | BZ50: =G50/(D50*E50)/10 -> #DIV/0!
B51: 45352 | C51: Cow slurry s.Antonio | D51: 77.777014 | E51: 82 | BZ51: =G51/(D51*E51)/10 -> 0
B52: 45352 | C52: Cow slurry s.Antonio | D52: 76.173322 | E52: 82 | BZ52: =G52/(D52*E52)/10 -> 0
B53: 45364 | C53: Cow slurry s.Antonio | D53: 76.623047 | E53: 75.39323 | G53: =59.9*1000 -> 59900 | N53: =54*50 -> 2700 | O53: =34.5*50 -> 1725 | AS53: 7.24 | AT53: =5936*2 -> 11872 | AU53: =53.2*25 -> 1330 | AW53: =34.1*500 -> 17050 | AZ53: =2073.317/1000 -> 2.073317 | BA53: 1.116494 | BB53: =(196.803+165)/1000 -> 0.361803 | BC53: =(258+56)/1000 -> 0.314 | BZ53: =G53/(D53*E53)/10 -> 1.0368957
B54: 45364 | C54: Cow slurry s.Antonio | D54: 77.237904 | E54: 87.958786 | BZ54: =G54/(D54*E54)/10 -> 0
A55: NEW BATCH | B55: 45366 | C55: Maize silage | D55: 292.25352 | AZ55: =(2296.926*0.275-419.613*0.25)/25.14*AZ3 -> 22.419411 | BA55: =(100.449*0.22-0*0.2)/20*BA3 -> 1.6684579 | BB55: =(22.494*0.22-23.6*0.2)/20*BB3 -> 0.02080988 | BC55: 0 | BZ55: =G55/(D55*E55)/10 -> #DIV/0!
B56: 45366 | C56: Maize silage | D56: 293.67631 | BZ56: =G56/(D56*E56)/10 -> #DIV/0!
B57: 45392 | C57: Cow slurry s.Antonio | D57: 91.902967 | AW57: =200*48.1 -> 9620 | BZ57: =G57/(D57*E57)/10 -> #DIV/0!
B58: 45392 | C58: Cow slurry s.Antonio | D58: 93.309267 | AW58: =2*4.89*1000 -> 9780 | BZ58: =G58/(D58*E58)/10 -> #DIV/0!
A59: delta TS slurry | B59: delta TS maize
A60: =(31-25)+3 -> 9 | B60: 137
A61: =A60+(15-3) -> 21
A62: =A61+(30-15)+11 -> 47
A63: =A62+(20-12) -> 55
A64: =A63+(31-20)+21 -> 87
A65: =A64+(30-22)+6 -> 101
A66: =A65+(19-7) -> 113
A67: =A66+(29-19) -> 123
A68: =A67+(13-1) -> 135
A69: =A68+(31-13)+10 -> 163

Sheet R1 feed
A1: Data | B1: Time | C1: Timestamp | D1: Slurry | E1: Maize | F1: Tomato | G1: Tomato bottle weight | H1: Note | I1: pHs | J1: Slurry VS | K1: Slurry S_COD | L1: Maize S_COD | M1: Tomato S_COD | N1: Slurry COD | O1: Maize COD | P1: Tomato COD | Q1: COD_in | R1: Start Modelica Timestamp
D2: [g] | E2: [g] | F2: [g] | K2: 1.53 | L2: 1.26 | M2: 1.3 | R2: =86400*2+13*3600 -> 219600 | V2: Devo aggiungere 0?
A3: 23/10/2023 | B3: 15:00 | C3: =TEXT(DATEVALUE(A3) + TIMEVALUE(B3), "gg-mm-aaaa hh:mm") -> 23-10-2023 15:00 | D3: =243*2 -> 486 | E3: =61*2 -> 122 | F3: 0 | I3: 1 | J3: =66.4*79.5/100 -> 52.788 | K3: =J3*$K$2 -> 80.76564 | L3: =267.7*95.9/100*$L$2 -> 323.47262 | M3: =72.8*85.1/100*$M$2 -> 80.53864 | N3: =K3*D3/1000 -> 39.252101 | O3: =L3*E3/1000 -> 39.463659 | P3: =M3*F3/1000 -> 0 | Q3: =SUM(N3:P3) -> 78.71576 | R3: =TIMEVALUE(C3) -> 0.625 | S3: =DATEVALUE(A3)-MIN($A$3:$A$68) -> 45222 | T3: =R3*86400 -> 54000 | U3: =S3-MIN($S$3:$S$68) -> 0 | V3: =U3*86400 -> 0 | W3: =V3+T3 -> 54000 | X3: =W3-$R$2 -> -165600 | Y3: =E3 -> 122 | Z3: =D3 -> 486
A4: 25/10/2023 | B4: 15:00 | C4: =TEXT(DATEVALUE(A4) + TIMEVALUE(B4), "gg-mm-aaaa hh:mm") -> 25-10-2023 15:00 | D4: =243*2 -> 486 | E4: =61*2 -> 122 | F4: 0 | H4: Bottle of 300 mL of tomato sauce | I4: 1 | J4: =66.4*79.5/100 -> 52.788 | K4: =J4*$K$2 -> 80.76564 | L4: =267.7*95.9/100*$L$2 -> 323.47262 | M4: =72.8*85.1/100*$M$2 -> 80.53864 | N4: =K4*D4/1000 -> 39.252101 | O4: =L4*E4/1000 -> 39.463659 | P4: =M4*F4/1000 -> 0 | Q4: =SUM(N4:P4) -> 78.71576 | R4: =TIMEVALUE(C4) -> 0.625 | S4: =DATEVALUE(A4)-MIN($A$3:$A$68) -> 45224 | T4: =R4*86400 -> 54000 | U4: =S4-MIN($S$3:$S$68) -> 2 | V4: =U4*86400 -> 172800 | W4: =V4+T4 -> 226800 | X4: =W4-$R$2 -> 7200 | Y4: =E4 -> 122 | Z4: =D4 -> 486
A5: 25/10/2023 | B5: 15:21 | C5: =TEXT(DATEVALUE(A5) + TIMEVALUE(B5), "gg-mm-aaaa hh:mm") -> 25-10-2023 15:21 | F5: 0 | H5: Start weight bottle 976.61 g | J5: =66.4*79.5/100 -> 52.788 | K5: =J5*$K$2 -> 80.76564 | L5: =267.7*95.9/100*$L$2 -> 323.47262 | M5: =72.8*85.1/100*$M$2 -> 80.53864 | N5: =K5*D5/1000 -> 0 | O5: =L5*E5/1000 -> 0 | P5: =M5*F5/1000 -> 0 | Q5: =SUM(N5:P5) -> 0 | R5: =TIMEVALUE(C5) -> 0.63958333 | S5: =DATEVALUE(A5)-MIN($A$3:$A$68) -> 45224 | T5: =R5*86400 -> 55260 | U5: =S5-MIN($S$3:$S$68) -> 2 | V5: =U5*86400 -> 172800 | W5: =V5+T5 -> 228060 | X5: =W5-$R$2 -> 8460 | Y5: =E5 -> 0 | Z5: =D5 -> 0
A6: 25/10/2023 | B6: 15:22 | C6: =TEXT(DATEVALUE(A6) + TIMEVALUE(B6), "gg-mm-aaaa hh:mm") -> 25-10-2023 15:22 | F6: =F5+60*0.166667 -> 10.00002 | J6: =66.4*79.5/100 -> 52.788 | K6: =J6*$K$2 -> 80.76564 | L6: =267.7*95.9/100*$L$2 -> 323.47262 | M6: =72.8*85.1/100*$M$2 -> 80.53864 | N6: =K6*D6/1000 -> 0 | O6: =L6*E6/1000 -> 0 | P6: =M6*F6/1000 -> 0.80538801 | Q6: =SUM(N6:P6) -> 0.80538801 | R6: =TIMEVALUE(C6) -> 0.64027778 | S6: =DATEVALUE(A6)-MIN($A$3:$A$68) -> 45224 | T6: =R6*86400 -> 55320 | U6: =S6-MIN($S$3:$S$68) -> 2 | V6: =U6*86400 -> 172800 | W6: =V6+T6 -> 228120 | X6: =W6-$R$2 -> 8520 | Y6: =E6 -> 0 | Z6: =D6 -> 0
A7: 25/10/2023 | B7: 16:38 | C7: =TEXT(DATEVALUE(A7) + TIMEVALUE(B7), "gg-mm-aaaa hh:mm") -> 25-10-2023 16:38 | F7: =F6 -> 10.00002 | H7: I set it wrong: 1 min/1.5 hours. Now modified. From now on R1 and R2 are going to be mixed and fed with tomato almost at the same timestamp | J7: =66.4*79.5/100 -> 52.788 | K7: =J7*$K$2 -> 80.76564 | L7: =267.7*95.9/100*$L$2 -> 323.47262 | M7: =72.8*85.1/100*$M$2 -> 80.53864 | N7: =K7*D7/1000 -> 0 | O7: =L7*E7/1000 -> 0 | P7: =M7*F7/1000 -> 0.80538801 | Q7: =SUM(N7:P7) -> 0.80538801 | R7: =TIMEVALUE(C7) -> 0.69305556 | S7: =DATEVALUE(A7)-MIN($A$3:$A$68) -> 45224 | T7: =R7*86400 -> 59880 | U7: =S7-MIN($S$3:$S$68) -> 2 | V7: =U7*86400 -> 172800 | W7: =V7+T7 -> 232680 | X7: =W7-$R$2 -> 13080 | Y7: =E7 -> 0 | Z7: =D7 -> 0
A8: 27/10/2023 | B8: 10:50 | C8: =TEXT(DATEVALUE(A8) + TIMEVALUE(B8), "gg-mm-aaaa hh:mm") -> 27-10-2023 10:50 | D8: 730 | E8: 183 | F8: 0 | H8: the weight of the tomato bottle before filling: 805,88g the weight of the tomato bottle after filling: 1183,40g | I8: 1 | J8: =66.4*79.5/100 -> 52.788 | K8: =J8*$K$2 -> 80.76564 | L8: =267.7*95.9/100*$L$2 -> 323.47262 | M8: =72.8*85.1/100*$M$2 -> 80.53864 | N8: =K8*D8/1000 -> 58.958917 | O8: =L8*E8/1000 -> 59.195489 | P8: =M8*F8/1000 -> 0 | Q8: =SUM(N8:P8) -> 118.15441 | R8: =TIMEVALUE(C8) -> 0.45138889 | S8: =DATEVALUE(A8)-MIN($A$3:$A$68) -> 45226 | T8: =R8*86400 -> 39000 | U8: =S8-MIN($S$3:$S$68) -> 4 | V8: =U8*86400 -> 345600 | W8: =V8+T8 -> 384600 | X8: =W8-$R$2 -> 165000 | Y8: =E8 -> 183 | Z8: =D8 -> 730
A9: 30/10/2023 | B9: 11:15 | C9: =TEXT(DATEVALUE(A9) + TIMEVALUE(B9), "gg-mm-aaaa hh:mm") -> 30-10-2023 11:15 | F9: ? | H9: Acetate spike fed with pumps (480 mL of 50gCOD/L solution). Forgot to weight tomato bottle…MOLD! | J9: =56.6*77.9/100 -> 44.0914 | K9: =J9*$K$2 -> 67.459842 | L9: =267.7*95.9/100*$L$2 -> 323.47262 | M9: =72.8*85.1/100*$M$2 -> 80.53864 | N9: =K9*D9/1000 -> 0 | O9: =L9*E9/1000 -> 0 | P9: =M9*F9/1000 -> #VALUE! | Q9: =SUM(N9:P9) -> #VALUE! | R9: =TIMEVALUE(C9) -> 0.46875 | S9: =DATEVALUE(A9)-MIN($A$3:$A$68) -> 45229 | T9: =R9*86400 -> 40500 | U9: =S9-MIN($S$3:$S$68) -> 7 | V9: =U9*86400 -> 604800 | W9: =V9+T9 -> 645300 | X9: =W9-$R$2 -> 425700 | Y9: =E9 -> 0 | Z9: =D9 -> 0
A10: 03/11/2023 | B10: 10:14 | C10: =TEXT(DATEVALUE(A10) + TIMEVALUE(B10), "gg-mm-aaaa hh:mm") -> 03-11-2023 10:14 | D10: 730 | E10: 183 | F10: 0 | G10: 1088.98 | H10: weight of empty clean tomato bottle: 707,55g the weight of tomato bottle after filling: 1088,98g. PLEASE NOTE that we didnt write down the exact time for feeding but it was between 10:00 ana 10:30 | I10: 1 | J10: =56.6*77.9/100 -> 44.0914 | K10: =J10*$K$2 -> 67.459842 | L10: =267.7*95.9/100*$L$2 -> 323.47262 | M10: =72.8*85.1/100*$M$2 -> 80.53864 | N10: =K10*D10/1000 -> 49.245685 | O10: =L10*E10/1000 -> 59.195489 | P10: =M10*F10/1000 -> 0 | Q10: =SUM(N10:P10) -> 108.44117 | R10: =TIMEVALUE(C10) -> 0.42638889 | S10: =DATEVALUE(A10)-MIN($A$3:$A$68) -> 45233 | T10: =R10*86400 -> 36840 | U10: =S10-MIN($S$3:$S$68) -> 11 | V10: =U10*86400 -> 950400 | W10: =V10+T10 -> 987240 | X10: =W10-$R$2 -> 767640 | Y10: =E10 -> 183 | Z10: =D10 -> 730
A11: 06/11/2023 | B11: 10:00 | C11: =TEXT(DATEVALUE(A11) + TIMEVALUE(B11), "gg-mm-aaaa hh:mm") -> 06-11-2023 10:00 | D11: 0 | E11: 0 | F11: =G10-G11 -> 249.22 | G11: 839.76 | I11: 1 | J11: =56.6*77.9/100 -> 44.0914 | K11: =J11*$K$2 -> 67.459842 | L11: =267.7*95.9/100*$L$2 -> 323.47262 | M11: =72.8*85.1/100*$M$2 -> 80.53864 | N11: =K11*D11/1000 -> 0 | O11: =L11*E11/1000 -> 0 | P11: =M11*F11/1000 -> 20.07184 | Q11: =SUM(N11:P11) -> 20.07184 | R11: =TIMEVALUE(C11) -> 0.41666667 | S11: =DATEVALUE(A11)-MIN($A$3:$A$68) -> 45236 | T11: =R11*86400 -> 36000 | U11: =S11-MIN($S$3:$S$68) -> 14 | V11: =U11*86400 -> 1209600 | W11: =V11+T11 -> 1245600 | X11: =W11-$R$2 -> 1026000 | Y11: =E11 -> 0 | Z11: =D11 -> 0
A12: 06/11/2023 | B12: 10:00 | C12: =TEXT(DATEVALUE(A12) + TIMEVALUE(B12), "gg-mm-aaaa hh:mm") -> 06-11-2023 10:00 | G12: 1088.09 | H12: After refill. Then I went in manual mode to refill the tube. At 15:00, the weight was 987.75g. Then, filled it up again. | J12: =56.6*77.9/100 -> 44.0914 | K12: =J12*$K$2 -> 67.459842 | L12: =267.7*95.9/100*$L$2 -> 323.47262 | M12: =72.8*85.1/100*$M$2 -> 80.53864 | N12: =K12*D12/1000 -> 0 | O12: =L12*E12/1000 -> 0 | P12: =M12*F12/1000 -> 0 | Q12: =SUM(N12:P12) -> 0 | R12: =TIMEVALUE(C12) -> 0.41666667 | S12: =DATEVALUE(A12)-MIN($A$3:$A$68) -> 45236 | T12: =R12*86400 -> 36000 | U12: =S12-MIN($S$3:$S$68) -> 14 | V12: =U12*86400 -> 1209600 | W12: =V12+T12 -> 1245600 | X12: =W12-$R$2 -> 1026000 | Y12: =E12 -> 0 | Z12: =D12 -> 0
A13: 06/11/2023 | B13: 15:15 | C13: =TEXT(DATEVALUE(A13) + TIMEVALUE(B13), "gg-mm-aaaa hh:mm") -> 06-11-2023 15:15 | D13: =243*2 -> 486 | E13: =61*2 -> 122 | F13: 0 | G13: 1044.81 | I13: 1 | J13: =56.6*77.9/100 -> 44.0914 | K13: =J13*$K$2 -> 67.459842 | L13: =267.7*95.9/100*$L$2 -> 323.47262 | M13: =72.8*85.1/100*$M$2 -> 80.53864 | N13: =K13*D13/1000 -> 32.785483 | O13: =L13*E13/1000 -> 39.463659 | P13: =M13*F13/1000 -> 0 | Q13: =SUM(N13:P13) -> 72.249143 | R13: =TIMEVALUE(C13) -> 0.63541667 | S13: =DATEVALUE(A13)-MIN($A$3:$A$68) -> 45236 | T13: =R13*86400 -> 54900 | U13: =S13-MIN($S$3:$S$68) -> 14 | V13: =U13*86400 -> 1209600 | W13: =V13+T13 -> 1264500 | X13: =W13-$R$2 -> 1044900 | Y13: =E13 -> 122 | Z13: =D13 -> 486
A14: 08/11/2023 | B14: 11:06 | C14: =TEXT(DATEVALUE(A14) + TIMEVALUE(B14), "gg-mm-aaaa hh:mm") -> 08-11-2023 11:06 | D14: 0 | E14: 0 | F14: =G13-G14 -> 171.66 | G14: 873.15 | H14: Empied, cleaned and refilled, cause there was a starting of fermentation | I14: 1 | J14: =56.6*77.9/100 -> 44.0914 | K14: =J14*$K$2 -> 67.459842 | L14: =267.7*95.9/100*$L$2 -> 323.47262 | M14: =72.8*85.1/100*$M$2 -> 80.53864 | N14: =K14*D14/1000 -> 0 | O14: =L14*E14/1000 -> 0 | P14: =M14*F14/1000 -> 13.825263 | Q14: =SUM(N14:P14) -> 13.825263 | R14: =TIMEVALUE(C14) -> 0.4625 | S14: =DATEVALUE(A14)-MIN($A$3:$A$68) -> 45238 | T14: =R14*86400 -> 39960 | U14: =S14-MIN($S$3:$S$68) -> 16 | V14: =U14*86400 -> 1382400 | W14: =V14+T14 -> 1422360 | X14: =W14-$R$2 -> 1202760 | Y14: =E14 -> 0 | Z14: =D14 -> 0
A15: 08/11/2023 | B15: 11:06 | C15: =TEXT(DATEVALUE(A15) + TIMEVALUE(B15), "gg-mm-aaaa hh:mm") -> 08-11-2023 11:06 | G15: 1099.23 | H15: After refill | J15: =56.6*77.9/100 -> 44.0914 | K15: =J15*$K$2 -> 67.459842 | L15: =267.7*95.9/100*$L$2 -> 323.47262 | M15: =72.8*85.1/100*$M$2 -> 80.53864 | N15: =K15*D15/1000 -> 0 | O15: =L15*E15/1000 -> 0 | P15: =M15*F15/1000 -> 0 | Q15: =SUM(N15:P15) -> 0 | R15: =TIMEVALUE(C15) -> 0.4625 | S15: =DATEVALUE(A15)-MIN($A$3:$A$68) -> 45238 | T15: =R15*86400 -> 39960 | U15: =S15-MIN($S$3:$S$68) -> 16 | V15: =U15*86400 -> 1382400 | W15: =V15+T15 -> 1422360 | X15: =W15-$R$2 -> 1202760 | Y15: =E15 -> 0 | Z15: =D15 -> 0
A16: 08/11/2023 | B16: 15:00 | C16: =TEXT(DATEVALUE(A16) + TIMEVALUE(B16), "gg-mm-aaaa hh:mm") -> 08-11-2023 15:00 | D16: =243*2 -> 486 | E16: =61*2 -> 122 | F16: 0 | I16: 1 | J16: =56.6*77.9/100 -> 44.0914 | K16: =J16*$K$2 -> 67.459842 | L16: =267.7*95.9/100*$L$2 -> 323.47262 | M16: =72.8*85.1/100*$M$2 -> 80.53864 | N16: =K16*D16/1000 -> 32.785483 | O16: =L16*E16/1000 -> 39.463659 | P16: =M16*F16/1000 -> 0 | Q16: =SUM(N16:P16) -> 72.249143 | R16: =TIMEVALUE(C16) -> 0.625 | S16: =DATEVALUE(A16)-MIN($A$3:$A$68) -> 45238 | T16: =R16*86400 -> 54000 | U16: =S16-MIN($S$3:$S$68) -> 16 | V16: =U16*86400 -> 1382400 | W16: =V16+T16 -> 1436400 | X16: =W16-$R$2 -> 1216800 | Y16: =E16 -> 122 | Z16: =D16 -> 486
A17: 08/11/2023 | B17: 17:00 | C17: =TEXT(DATEVALUE(A17) + TIMEVALUE(B17), "gg-mm-aaaa hh:mm") -> 08-11-2023 17:00 | D17: 0 | E17: 0 | F17: =G15-G17 -> 15.71 | G17: 1083.52 | I17: 1 | J17: =56.6*77.9/100 -> 44.0914 | K17: =J17*$K$2 -> 67.459842 | L17: =267.7*95.9/100*$L$2 -> 323.47262 | M17: =72.8*85.1/100*$M$2 -> 80.53864 | N17: =K17*D17/1000 -> 0 | O17: =L17*E17/1000 -> 0 | P17: =M17*F17/1000 -> 1.265262 | Q17: =SUM(N17:P17) -> 1.265262 | R17: =TIMEVALUE(C17) -> 0.70833333 | S17: =DATEVALUE(A17)-MIN($A$3:$A$68) -> 45238 | T17: =R17*86400 -> 61200 | U17: =S17-MIN($S$3:$S$68) -> 16 | V17: =U17*86400 -> 1382400 | W17: =V17+T17 -> 1443600 | X17: =W17-$R$2 -> 1224000 | Y17: =E17 -> 0 | Z17: =D17 -> 0
A18: 10/11/2023 | B18: 09:30 | C18: =TEXT(DATEVALUE(A18) + TIMEVALUE(B18), "gg-mm-aaaa hh:mm") -> 10-11-2023 09:30 | D18: 730 | E18: 183 | F18: 0 | G18: 972.47 | H18: NOTE this is the weight of the tomato bottle before emptying and cleaning | I18: 1 | J18: =56.6*77.9/100 -> 44.0914 | K18: =J18*$K$2 -> 67.459842 | L18: =267.7*95.9/100*$L$2 -> 323.47262 | M18: =72.8*85.1/100*$M$2 -> 80.53864 | N18: =K18*D18/1000 -> 49.245685 | O18: =L18*E18/1000 -> 59.195489 | P18: =M18*F18/1000 -> 0 | Q18: =SUM(N18:P18) -> 108.44117 | R18: =TIMEVALUE(C18) -> 0.39583333 | S18: =DATEVALUE(A18)-MIN($A$3:$A$68) -> 45240 | T18: =R18*86400 -> 34200 | U18: =S18-MIN($S$3:$S$68) -> 18 | V18: =U18*86400 -> 1555200 | W18: =V18+T18 -> 1589400 | X18: =W18-$R$2 -> 1369800 | Y18: =E18 -> 183 | Z18: =D18 -> 730
A19: 10/11/2023 | B19: 11:00 | C19: =TEXT(DATEVALUE(A19) + TIMEVALUE(B19), "gg-mm-aaaa hh:mm") -> 10-11-2023 11:00 | G19: 1219.25 | H19: NOTE: this is the weight of the bottle after emptying, cleaning and disinfecting and refilling with tomato | J19: =56.6*77.9/100 -> 44.0914 | K19: =J19*$K$2 -> 67.459842 | L19: =267.7*95.9/100*$L$2 -> 323.47262 | M19: =72.8*85.1/100*$M$2 -> 80.53864 | N19: =K19*D19/1000 -> 0 | O19: =L19*E19/1000 -> 0 | P19: =M19*F19/1000 -> 0 | Q19: =SUM(N19:P19) -> 0 | R19: =TIMEVALUE(C19) -> 0.45833333 | S19: =DATEVALUE(A19)-MIN($A$3:$A$68) -> 45240 | T19: =R19*86400 -> 39600 | U19: =S19-MIN($S$3:$S$68) -> 18 | V19: =U19*86400 -> 1555200 | W19: =V19+T19 -> 1594800 | X19: =W19-$R$2 -> 1375200 | Y19: =E19 -> 0 | Z19: =D19 -> 0
A20: 13/11/2023 | B20: 10:15 | C20: =TEXT(DATEVALUE(A20) + TIMEVALUE(B20), "gg-mm-aaaa hh:mm") -> 13-11-2023 10:15 | D20: 0 | E20: 0 | F20: =G19-G20 -> 280.29 | G20: 938.96 | I20: 1 | J20: =56.6*77.9/100 -> 44.0914 | K20: =J20*$K$2 -> 67.459842 | L20: =267.7*95.9/100*$L$2 -> 323.47262 | M20: =72.8*85.1/100*$M$2 -> 80.53864 | N20: =K20*D20/1000 -> 0 | O20: =L20*E20/1000 -> 0 | P20: =M20*F20/1000 -> 22.574175 | Q20: =SUM(N20:P20) -> 22.574175 | R20: =TIMEVALUE(C20) -> 0.42708333 | S20: =DATEVALUE(A20)-MIN($A$3:$A$68) -> 45243 | T20: =R20*86400 -> 36900 | U20: =S20-MIN($S$3:$S$68) -> 21 | V20: =U20*86400 -> 1814400 | W20: =V20+T20 -> 1851300 | X20: =W20-$R$2 -> 1631700 | Y20: =E20 -> 0 | Z20: =D20 -> 0
A21: 13/11/2023 | B21: 10:15 | C21: =TEXT(DATEVALUE(A21) + TIMEVALUE(B21), "gg-mm-aaaa hh:mm") -> 13-11-2023 10:15 | G21: 1205.8 | J21: =56.6*77.9/100 -> 44.0914 | K21: =J21*$K$2 -> 67.459842 | L21: =267.7*95.9/100*$L$2 -> 323.47262 | M21: =72.8*85.1/100*$M$2 -> 80.53864 | N21: =K21*D21/1000 -> 0 | O21: =L21*E21/1000 -> 0 | P21: =M21*F21/1000 -> 0 | Q21: =SUM(N21:P21) -> 0 | R21: =TIMEVALUE(C21) -> 0.42708333 | S21: =DATEVALUE(A21)-MIN($A$3:$A$68) -> 45243 | T21: =R21*86400 -> 36900 | U21: =S21-MIN($S$3:$S$68) -> 21 | V21: =U21*86400 -> 1814400 | W21: =V21+T21 -> 1851300 | X21: =W21-$R$2 -> 1631700 | Y21: =E21 -> 0 | Z21: =D21 -> 0
A22: 13/11/2023 | B22: 12:30 | C22: =TEXT(DATEVALUE(A22) + TIMEVALUE(B22), "gg-mm-aaaa hh:mm") -> 13-11-2023 12:30 | D22: =243*2 -> 486 | E22: =61*2 -> 122 | F22: 0 | I22: 1 | J22: =56.6*77.9/100 -> 44.0914 | K22: =J22*$K$2 -> 67.459842 | L22: =267.7*95.9/100*$L$2 -> 323.47262 | M22: =72.8*85.1/100*$M$2 -> 80.53864 | N22: =K22*D22/1000 -> 32.785483 | O22: =L22*E22/1000 -> 39.463659 | P22: =M22*F22/1000 -> 0 | Q22: =SUM(N22:P22) -> 72.249143 | R22: =TIMEVALUE(C22) -> 0.52083333 | S22: =DATEVALUE(A22)-MIN($A$3:$A$68) -> 45243 | T22: =R22*86400 -> 45000 | U22: =S22-MIN($S$3:$S$68) -> 21 | V22: =U22*86400 -> 1814400 | W22: =V22+T22 -> 1859400 | X22: =W22-$R$2 -> 1639800 | Y22: =E22 -> 122 | Z22: =D22 -> 486
A23: 15/11/2023 | B23: 10:00 | C23: =TEXT(DATEVALUE(A23) + TIMEVALUE(B23), "gg-mm-aaaa hh:mm") -> 15-11-2023 10:00 | D23: 0 | E23: 0 | F23: =G21-G23 -> 180.77 | G23: 1025.03 | I23: 1 | J23: =54.9*77.7/100 -> 42.6573 | K23: =J23*$K$2 -> 65.265669 | L23: =267.7*95.9/100*$L$2 -> 323.47262 | M23: =72.8*85.1/100*$M$2 -> 80.53864 | N23: =K23*D23/1000 -> 0 | O23: =L23*E23/1000 -> 0 | P23: =M23*F23/1000 -> 14.55897 | Q23: =SUM(N23:P23) -> 14.55897 | R23: =TIMEVALUE(C23) -> 0.41666667 | S23: =DATEVALUE(A23)-MIN($A$3:$A$68) -> 45245 | T23: =R23*86400 -> 36000 | U23: =S23-MIN($S$3:$S$68) -> 23 | V23: =U23*86400 -> 1987200 | W23: =V23+T23 -> 2023200 | X23: =W23-$R$2 -> 1803600 | Y23: =E23 -> 0 | Z23: =D23 -> 0
A24: 15/11/2023 | B24: 10:00 | C24: =TEXT(DATEVALUE(A24) + TIMEVALUE(B24), "gg-mm-aaaa hh:mm") -> 15-11-2023 10:00 | G24: 1019.85 | J24: =54.9*77.7/100 -> 42.6573 | K24: =J24*$K$2 -> 65.265669 | L24: =267.7*95.9/100*$L$2 -> 323.47262 | M24: =72.8*85.1/100*$M$2 -> 80.53864 | N24: =K24*D24/1000 -> 0 | O24: =L24*E24/1000 -> 0 | P24: =M24*F24/1000 -> 0 | Q24: =SUM(N24:P24) -> 0 | R24: =TIMEVALUE(C24) -> 0.41666667 | S24: =DATEVALUE(A24)-MIN($A$3:$A$68) -> 45245 | T24: =R24*86400 -> 36000 | U24: =S24-MIN($S$3:$S$68) -> 23 | V24: =U24*86400 -> 1987200 | W24: =V24+T24 -> 2023200 | X24: =W24-$R$2 -> 1803600 | Y24: =E24 -> 0 | Z24: =D24 -> 0
A25: 15/11/2023 | B25: 13:00 | C25: =TEXT(DATEVALUE(A25) + TIMEVALUE(B25), "gg-mm-aaaa hh:mm") -> 15-11-2023 13:00 | D25: =243*2 -> 486 | E25: =61*2 -> 122 | F25: 0 | H25: I closed the valve to the main gas bag and opened the one to the reserve one. No spike in ritter. | I25: 1 | J25: =54.9*77.7/100 -> 42.6573 | K25: =J25*$K$2 -> 65.265669 | L25: =267.7*95.9/100*$L$2 -> 323.47262 | M25: =72.8*85.1/100*$M$2 -> 80.53864 | N25: =K25*D25/1000 -> 31.719115 | O25: =L25*E25/1000 -> 39.463659 | P25: =M25*F25/1000 -> 0 | Q25: =SUM(N25:P25) -> 71.182775 | R25: =TIMEVALUE(C25) -> 0.54166667 | S25: =DATEVALUE(A25)-MIN($A$3:$A$68) -> 45245 | T25: =R25*86400 -> 46800 | U25: =S25-MIN($S$3:$S$68) -> 23 | V25: =U25*86400 -> 1987200 | W25: =V25+T25 -> 2034000 | X25: =W25-$R$2 -> 1814400 | Y25: =E25 -> 122 | Z25: =D25 -> 486
A26: 17/11/2023 | B26: 09:15 | C26: =TEXT(DATEVALUE(A26) + TIMEVALUE(B26), "gg-mm-aaaa hh:mm") -> 17-11-2023 09:15 | D26: 730 | E26: 183 | F26: =G24-G26 -> 183.3 | G26: 836.55 | H26: NOTE: this is the weight of the bottle before emptying and cleaning | I26: 1 | J26: =54.9*77.7/100 -> 42.6573 | K26: =J26*$K$2 -> 65.265669 | L26: =267.7*95.9/100*$L$2 -> 323.47262 | M26: =72.8*85.1/100*$M$2 -> 80.53864 | N26: =K26*D26/1000 -> 47.643938 | O26: =L26*E26/1000 -> 59.195489 | P26: =M26*F26/1000 -> 14.762733 | Q26: =SUM(N26:P26) -> 121.60216 | R26: =TIMEVALUE(C26) -> 0.38541667 | S26: =DATEVALUE(A26)-MIN($A$3:$A$68) -> 45247 | T26: =R26*86400 -> 33300 | U26: =S26-MIN($S$3:$S$68) -> 25 | V26: =U26*86400 -> 2160000 | W26: =V26+T26 -> 2193300 | X26: =W26-$R$2 -> 1973700 | Y26: =E26 -> 183 | Z26: =D26 -> 730
A27: 17/11/2023 | B27: 09:15 | C27: =TEXT(DATEVALUE(A27) + TIMEVALUE(B27), "gg-mm-aaaa hh:mm") -> 17-11-2023 09:15 | G27: 1229.2 | H27: NOTE: this is the weight of the bottle after emptying, cleaning and disinfecting and refilling with tomato | J27: =54.9*77.7/100 -> 42.6573 | K27: =J27*$K$2 -> 65.265669 | L27: =267.7*95.9/100*$L$2 -> 323.47262 | M27: =72.8*85.1/100*$M$2 -> 80.53864 | N27: =K27*D27/1000 -> 0 | O27: =L27*E27/1000 -> 0 | P27: =M27*F27/1000 -> 0 | Q27: =SUM(N27:P27) -> 0 | R27: =TIMEVALUE(C27) -> 0.38541667 | S27: =DATEVALUE(A27)-MIN($A$3:$A$68) -> 45247 | T27: =R27*86400 -> 33300 | U27: =S27-MIN($S$3:$S$68) -> 25 | V27: =U27*86400 -> 2160000 | W27: =V27+T27 -> 2193300 | X27: =W27-$R$2 -> 1973700 | Y27: =E27 -> 0 | Z27: =D27 -> 0
A28: 20/11/2023 | B28: 10:20 | C28: =TEXT(DATEVALUE(A28) + TIMEVALUE(B28), "gg-mm-aaaa hh:mm") -> 20-11-2023 10:20 | D28: 0 | E28: 0 | F28: =G27-G28 -> 270.34 | G28: 958.86 | I28: 1 | J28: =54.9*77.7/100 -> 42.6573 | K28: =J28*$K$2 -> 65.265669 | L28: =267.7*95.9/100*$L$2 -> 323.47262 | M28: =72.8*85.1/100*$M$2 -> 80.53864 | N28: =K28*D28/1000 -> 0 | O28: =L28*E28/1000 -> 0 | P28: =M28*F28/1000 -> 21.772816 | Q28: =SUM(N28:P28) -> 21.772816 | R28: =TIMEVALUE(C28) -> 0.43055556 | S28: =DATEVALUE(A28)-MIN($A$3:$A$68) -> 45250 | T28: =R28*86400 -> 37200 | U28: =S28-MIN($S$3:$S$68) -> 28 | V28: =U28*86400 -> 2419200 | W28: =V28+T28 -> 2456400 | X28: =W28-$R$2 -> 2236800 | Y28: =E28 -> 0 | Z28: =D28 -> 0
A29: 20/11/2023 | B29: 10:20 | C29: =TEXT(DATEVALUE(A29) + TIMEVALUE(B29), "gg-mm-aaaa hh:mm") -> 20-11-2023 10:20 | G29: 1081.5 | J29: =54.9*77.7/100 -> 42.6573 | K29: =J29*$K$2 -> 65.265669 | L29: =267.7*95.9/100*$L$2 -> 323.47262 | M29: =72.8*85.1/100*$M$2 -> 80.53864 | N29: =K29*D29/1000 -> 0 | O29: =L29*E29/1000 -> 0 | P29: =M29*F29/1000 -> 0 | Q29: =SUM(N29:P29) -> 0 | R29: =TIMEVALUE(C29) -> 0.43055556 | S29: =DATEVALUE(A29)-MIN($A$3:$A$68) -> 45250 | T29: =R29*86400 -> 37200 | U29: =S29-MIN($S$3:$S$68) -> 28 | V29: =U29*86400 -> 2419200 | W29: =V29+T29 -> 2456400 | X29: =W29-$R$2 -> 2236800 | Y29: =E29 -> 0 | Z29: =D29 -> 0
A30: 20/11/2023 | B30: 12:00 | C30: =TEXT(DATEVALUE(A30) + TIMEVALUE(B30), "gg-mm-aaaa hh:mm") -> 20-11-2023 12:00 | D30: =243*2 -> 486 | E30: =61*2 -> 122 | F30: 0 | I30: 1 | J30: =54.9*77.7/100 -> 42.6573 | K30: =J30*$K$2 -> 65.265669 | L30: =267.7*95.9/100*$L$2 -> 323.47262 | M30: =72.8*85.1/100*$M$2 -> 80.53864 | N30: =K30*D30/1000 -> 31.719115 | O30: =L30*E30/1000 -> 39.463659 | P30: =M30*F30/1000 -> 0 | Q30: =SUM(N30:P30) -> 71.182775 | R30: =TIMEVALUE(C30) -> 0.5 | S30: =DATEVALUE(A30)-MIN($A$3:$A$68) -> 45250 | T30: =R30*86400 -> 43200 | U30: =S30-MIN($S$3:$S$68) -> 28 | V30: =U30*86400 -> 2419200 | W30: =V30+T30 -> 2462400 | X30: =W30-$R$2 -> 2242800 | Y30: =E30 -> 122 | Z30: =D30 -> 486
A31: 22/11/2023 | B31: 10:00 | C31: =TEXT(DATEVALUE(A31) + TIMEVALUE(B31), "gg-mm-aaaa hh:mm") -> 22-11-2023 10:00 | D31: 0 | E31: 0 | F31: =G29-G31 -> 173.34 | G31: 908.16 | I31: 1 | J31: =54.9*77.7/100 -> 42.6573 | K31: =J31*$K$2 -> 65.265669 | L31: =267.7*95.9/100*$L$2 -> 323.47262 | M31: =72.8*85.1/100*$M$2 -> 80.53864 | N31: =K31*D31/1000 -> 0 | O31: =L31*E31/1000 -> 0 | P31: =M31*F31/1000 -> 13.960568 | Q31: =SUM(N31:P31) -> 13.960568 | R31: =TIMEVALUE(C31) -> 0.41666667 | S31: =DATEVALUE(A31)-MIN($A$3:$A$68) -> 45252 | T31: =R31*86400 -> 36000 | U31: =S31-MIN($S$3:$S$68) -> 30 | V31: =U31*86400 -> 2592000 | W31: =V31+T31 -> 2628000 | X31: =W31-$R$2 -> 2408400 | Y31: =E31 -> 0 | Z31: =D31 -> 0
A32: 22/11/2023 | B32: 10:00 | C32: =TEXT(DATEVALUE(A32) + TIMEVALUE(B32), "gg-mm-aaaa hh:mm") -> 22-11-2023 10:00 | G32: 1112.72 | J32: =54.9*77.7/100 -> 42.6573 | K32: =J32*$K$2 -> 65.265669 | L32: =267.7*95.9/100*$L$2 -> 323.47262 | M32: =72.8*85.1/100*$M$2 -> 80.53864 | N32: =K32*D32/1000 -> 0 | O32: =L32*E32/1000 -> 0 | P32: =M32*F32/1000 -> 0 | Q32: =SUM(N32:P32) -> 0 | R32: =TIMEVALUE(C32) -> 0.41666667 | S32: =DATEVALUE(A32)-MIN($A$3:$A$68) -> 45252 | T32: =R32*86400 -> 36000 | U32: =S32-MIN($S$3:$S$68) -> 30 | V32: =U32*86400 -> 2592000 | W32: =V32+T32 -> 2628000 | X32: =W32-$R$2 -> 2408400 | Y32: =E32 -> 0 | Z32: =D32 -> 0
A33: 22/11/2023 | B33: 13:00 | C33: =TEXT(DATEVALUE(A33) + TIMEVALUE(B33), "gg-mm-aaaa hh:mm") -> 22-11-2023 13:00 | D33: =243*2 -> 486 | E33: =61*2 -> 122 | F33: 0 | I33: 1 | J33: =54.9*77.7/100 -> 42.6573 | K33: =J33*$K$2 -> 65.265669 | L33: =267.7*95.9/100*$L$2 -> 323.47262 | M33: =72.8*85.1/100*$M$2 -> 80.53864 | N33: =K33*D33/1000 -> 31.719115 | O33: =L33*E33/1000 -> 39.463659 | P33: =M33*F33/1000 -> 0 | Q33: =SUM(N33:P33) -> 71.182775 | R33: =TIMEVALUE(C33) -> 0.54166667 | S33: =DATEVALUE(A33)-MIN($A$3:$A$68) -> 45252 | T33: =R33*86400 -> 46800 | U33: =S33-MIN($S$3:$S$68) -> 30 | V33: =U33*86400 -> 2592000 | W33: =V33+T33 -> 2638800 | X33: =W33-$R$2 -> 2419200 | Y33: =E33 -> 122 | Z33: =D33 -> 486
A34: 24/11/2023 | B34: 09:20 | C34: =TEXT(DATEVALUE(A34) + TIMEVALUE(B34), "gg-mm-aaaa hh:mm") -> 24-11-2023 09:20 | D34: 0 | E34: 0 | F34: =(G32-G34) -> 211.74 | G34: 900.98 | H34: NOTE: this is the weight of the bottle before emptying and cleaning | I34: 1 | J34: =54.9*77.7/100 -> 42.6573 | K34: =J34*$K$2 -> 65.265669 | L34: =267.7*95.9/100*$L$2 -> 323.47262 | M34: =72.8*85.1/100*$M$2 -> 80.53864 | N34: =K34*D34/1000 -> 0 | O34: =L34*E34/1000 -> 0 | P34: =M34*F34/1000 -> 17.053252 | Q34: =SUM(N34:P34) -> 17.053252 | R34: =TIMEVALUE(C34) -> 0.38888889 | S34: =DATEVALUE(A34)-MIN($A$3:$A$68) -> 45254 | T34: =R34*86400 -> 33600 | U34: =S34-MIN($S$3:$S$68) -> 32 | V34: =U34*86400 -> 2764800 | W34: =V34+T34 -> 2798400 | X34: =W34-$R$2 -> 2578800 | Y34: =E34 -> 0 | Z34: =D34 -> 0
A35: 24/11/2023 | B35: 10:30 | C35: =TEXT(DATEVALUE(A35) + TIMEVALUE(B35), "gg-mm-aaaa hh:mm") -> 24-11-2023 10:30 | G35: 1207.31 | H35: NOTE: this is the weight of the bottle after emptying, cleaning and disinfecting and refilling with tomato. ariana was responsible for this part it was around 10:30 I guess | J35: =54.9*77.7/100 -> 42.6573 | K35: =J35*$K$2 -> 65.265669 | L35: =267.7*95.9/100*$L$2 -> 323.47262 | M35: =72.8*85.1/100*$M$2 -> 80.53864 | N35: =K35*D35/1000 -> 0 | O35: =L35*E35/1000 -> 0 | P35: =M35*F35/1000 -> 0 | Q35: =SUM(N35:P35) -> 0 | R35: =TIMEVALUE(C35) -> 0.4375 | S35: =DATEVALUE(A35)-MIN($A$3:$A$68) -> 45254 | T35: =R35*86400 -> 37800 | U35: =S35-MIN($S$3:$S$68) -> 32 | V35: =U35*86400 -> 2764800 | W35: =V35+T35 -> 2802600 | X35: =W35-$R$2 -> 2583000 | Y35: =E35 -> 0 | Z35: =D35 -> 0
A36: 24/11/2023 | B36: 15:10 | C36: =TEXT(DATEVALUE(A36) + TIMEVALUE(B36), "gg-mm-aaaa hh:mm") -> 24-11-2023 15:10 | D36: 730 | E36: 183 | F36: 0 | I36: 1 | J36: =54.9*77.7/100 -> 42.6573 | K36: =J36*$K$2 -> 65.265669 | L36: =267.7*95.9/100*$L$2 -> 323.47262 | M36: =72.8*85.1/100*$M$2 -> 80.53864 | N36: =K36*D36/1000 -> 47.643938 | O36: =L36*E36/1000 -> 59.195489 | P36: =M36*F36/1000 -> 0 | Q36: =SUM(N36:P36) -> 106.83943 | R36: =TIMEVALUE(C36) -> 0.63194444 | S36: =DATEVALUE(A36)-MIN($A$3:$A$68) -> 45254 | T36: =R36*86400 -> 54600 | U36: =S36-MIN($S$3:$S$68) -> 32 | V36: =U36*86400 -> 2764800 | W36: =V36+T36 -> 2819400 | X36: =W36-$R$2 -> 2599800 | Y36: =E36 -> 183 | Z36: =D36 -> 730
A37: 27/11/2023 | B37: 10:00 | C37: =TEXT(DATEVALUE(A37) + TIMEVALUE(B37), "gg-mm-aaaa hh:mm") -> 27-11-2023 10:00 | D37: 0 | E37: 0 | F37: =G35-G37 -> 271.22 | G37: 936.09 | I37: 1 | J37: =54.9*77.7/100 -> 42.6573 | K37: =J37*$K$2 -> 65.265669 | L37: =267.7*95.9/100*$L$2 -> 323.47262 | M37: =72.8*85.1/100*$M$2 -> 80.53864 | N37: =K37*D37/1000 -> 0 | O37: =L37*E37/1000 -> 0 | P37: =M37*F37/1000 -> 21.84369 | Q37: =SUM(N37:P37) -> 21.84369 | R37: =TIMEVALUE(C37) -> 0.41666667 | S37: =DATEVALUE(A37)-MIN($A$3:$A$68) -> 45257 | T37: =R37*86400 -> 36000 | U37: =S37-MIN($S$3:$S$68) -> 35 | V37: =U37*86400 -> 3024000 | W37: =V37+T37 -> 3060000 | X37: =W37-$R$2 -> 2840400 | Y37: =E37 -> 0 | Z37: =D37 -> 0
A38: 27/11/2023 | B38: 10:00 | C38: =TEXT(DATEVALUE(A38) + TIMEVALUE(B38), "gg-mm-aaaa hh:mm") -> 27-11-2023 10:00 | G38: 1118.21 | J38: =54.9*77.7/100 -> 42.6573 | K38: =J38*$K$2 -> 65.265669 | L38: =267.7*95.9/100*$L$2 -> 323.47262 | M38: =72.8*85.1/100*$M$2 -> 80.53864 | N38: =K38*D38/1000 -> 0 | O38: =L38*E38/1000 -> 0 | P38: =M38*F38/1000 -> 0 | Q38: =SUM(N38:P38) -> 0 | R38: =TIMEVALUE(C38) -> 0.41666667 | S38: =DATEVALUE(A38)-MIN($A$3:$A$68) -> 45257 | T38: =R38*86400 -> 36000 | U38: =S38-MIN($S$3:$S$68) -> 35 | V38: =U38*86400 -> 3024000 | W38: =V38+T38 -> 3060000 | X38: =W38-$R$2 -> 2840400 | Y38: =E38 -> 0 | Z38: =D38 -> 0
A39: 27/11/2023 | B39: 13:00 | C39: =TEXT(DATEVALUE(A39) + TIMEVALUE(B39), "gg-mm-aaaa hh:mm") -> 27-11-2023 13:00 | D39: =243*2 -> 486 | E39: =61*2 -> 122 | F39: 0 | I39: 1 | J39: =54.9*77.7/100 -> 42.6573 | K39: =J39*$K$2 -> 65.265669 | L39: =267.7*95.9/100*$L$2 -> 323.47262 | M39: =72.8*85.1/100*$M$2 -> 80.53864 | N39: =K39*D39/1000 -> 31.719115 | O39: =L39*E39/1000 -> 39.463659 | P39: =M39*F39/1000 -> 0 | Q39: =SUM(N39:P39) -> 71.182775 | R39: =TIMEVALUE(C39) -> 0.54166667 | S39: =DATEVALUE(A39)-MIN($A$3:$A$68) -> 45257 | T39: =R39*86400 -> 46800 | U39: =S39-MIN($S$3:$S$68) -> 35 | V39: =U39*86400 -> 3024000 | W39: =V39+T39 -> 3070800 | X39: =W39-$R$2 -> 2851200 | Y39: =E39 -> 122 | Z39: =D39 -> 486
A40: 29/11/2023 | B40: 10:00 | C40: =TEXT(DATEVALUE(A40) + TIMEVALUE(B40), "gg-mm-aaaa hh:mm") -> 29-11-2023 10:00 | D40: 0 | E40: 0 | F40: =G38-G40 -> 189.04 | G40: 929.17 | I40: 1 | J40: =54.9*77.7/100 -> 42.6573 | K40: =J40*$K$2 -> 65.265669 | L40: =267.7*95.9/100*$L$2 -> 323.47262 | M40: =72.8*85.1/100*$M$2 -> 80.53864 | N40: =K40*D40/1000 -> 0 | O40: =L40*E40/1000 -> 0 | P40: =M40*F40/1000 -> 15.225025 | Q40: =SUM(N40:P40) -> 15.225025 | R40: =TIMEVALUE(C40) -> 0.41666667 | S40: =DATEVALUE(A40)-MIN($A$3:$A$68) -> 45259 | T40: =R40*86400 -> 36000 | U40: =S40-MIN($S$3:$S$68) -> 37 | V40: =U40*86400 -> 3196800 | W40: =V40+T40 -> 3232800 | X40: =W40-$R$2 -> 3013200 | Y40: =E40 -> 0 | Z40: =D40 -> 0
A41: 29/11/2023 | B41: 10:00 | C41: =TEXT(DATEVALUE(A41) + TIMEVALUE(B41), "gg-mm-aaaa hh:mm") -> 29-11-2023 10:00 | G41: 1118.1 | J41: =54.9*77.7/100 -> 42.6573 | K41: =J41*$K$2 -> 65.265669 | L41: =267.7*95.9/100*$L$2 -> 323.47262 | M41: =72.8*85.1/100*$M$2 -> 80.53864 | N41: =K41*D41/1000 -> 0 | O41: =L41*E41/1000 -> 0 | P41: =M41*F41/1000 -> 0 | Q41: =SUM(N41:P41) -> 0 | R41: =TIMEVALUE(C41) -> 0.41666667 | S41: =DATEVALUE(A41)-MIN($A$3:$A$68) -> 45259 | T41: =R41*86400 -> 36000 | U41: =S41-MIN($S$3:$S$68) -> 37 | V41: =U41*86400 -> 3196800 | W41: =V41+T41 -> 3232800 | X41: =W41-$R$2 -> 3013200 | Y41: =E41 -> 0 | Z41: =D41 -> 0
A42: 29/11/2023 | B42: 13:00 | C42: =TEXT(DATEVALUE(A42) + TIMEVALUE(B42), "gg-mm-aaaa hh:mm") -> 29-11-2023 13:00 | D42: =243*2 -> 486 | E42: =61*2 -> 122 | F42: 0 | I42: 1 | J42: =54.9*77.7/100 -> 42.6573 | K42: =J42*$K$2 -> 65.265669 | L42: =267.7*95.9/100*$L$2 -> 323.47262 | M42: =72.8*85.1/100*$M$2 -> 80.53864 | N42: =K42*D42/1000 -> 31.719115 | O42: =L42*E42/1000 -> 39.463659 | P42: =M42*F42/1000 -> 0 | Q42: =SUM(N42:P42) -> 71.182775 | R42: =TIMEVALUE(C42) -> 0.54166667 | S42: =DATEVALUE(A42)-MIN($A$3:$A$68) -> 45259 | T42: =R42*86400 -> 46800 | U42: =S42-MIN($S$3:$S$68) -> 37 | V42: =U42*86400 -> 3196800 | W42: =V42+T42 -> 3243600 | X42: =W42-$R$2 -> 3024000 | Y42: =E42 -> 122 | Z42: =D42 -> 486
A43: 01/12/2023 | B43: 09:45 | C43: =TEXT(DATEVALUE(A43) + TIMEVALUE(B43), "gg-mm-aaaa hh:mm") -> 01-12-2023 09:45 | D43: 0 | E43: 0 | F43: =G41-G43 -> 178.81 | G43: 939.29 | H43: NOTE: this is the weight of the bottle before emptying and cleaning | I43: 1 | J43: =54.9*77.7/100 -> 42.6573 | K43: =J43*$K$2 -> 65.265669 | L43: =267.7*95.9/100*$L$2 -> 323.47262 | M43: =72.8*85.1/100*$M$2 -> 80.53864 | N43: =K43*D43/1000 -> 0 | O43: =L43*E43/1000 -> 0 | P43: =M43*F43/1000 -> 14.401114 | Q43: =SUM(N43:P43) -> 14.401114 | R43: =TIMEVALUE(C43) -> 0.40625 | S43: =DATEVALUE(A43)-MIN($A$3:$A$68) -> 45261 | T43: =R43*86400 -> 35100 | U43: =S43-MIN($S$3:$S$68) -> 39 | V43: =U43*86400 -> 3369600 | W43: =V43+T43 -> 3404700 | X43: =W43-$R$2 -> 3185100 | Y43: =E43 -> 0 | Z43: =D43 -> 0
A44: 01/12/2023 | B44: 12:30 | C44: =TEXT(DATEVALUE(A44) + TIMEVALUE(B44), "gg-mm-aaaa hh:mm") -> 01-12-2023 12:30 | G44: 1214.15 | H44: NOTE: this is the weight of the bottle after emptying, cleaning and disinfecting and refilling with tomato. ariana was responsible for this part it was around 12:30 I guess | J44: =54.9*77.7/100 -> 42.6573 | K44: =J44*$K$2 -> 65.265669 | L44: =267.7*95.9/100*$L$2 -> 323.47262 | M44: =72.8*85.1/100*$M$2 -> 80.53864 | N44: =K44*D44/1000 -> 0 | O44: =L44*E44/1000 -> 0 | P44: =M44*F44/1000 -> 0 | Q44: =SUM(N44:P44) -> 0 | R44: =TIMEVALUE(C44) -> 0.52083333 | S44: =DATEVALUE(A44)-MIN($A$3:$A$68) -> 45261 | T44: =R44*86400 -> 45000 | U44: =S44-MIN($S$3:$S$68) -> 39 | V44: =U44*86400 -> 3369600 | W44: =V44+T44 -> 3414600 | X44: =W44-$R$2 -> 3195000 | Y44: =E44 -> 0 | Z44: =D44 -> 0
A45: 01/12/2023 | B45: 13:40 | C45: =TEXT(DATEVALUE(A45) + TIMEVALUE(B45), "gg-mm-aaaa hh:mm") -> 01-12-2023 13:40 | D45: 365 | E45: 91.5 | F45: 0 | H45: NOTE: because of the decrease of the pH we decided to reduce the feeding and the discharging to the half in order to stop the decrease of the pH while maintaining a constant volume of the reactor | I45: 1 | J45: =54.9*77.7/100 -> 42.6573 | K45: =J45*$K$2 -> 65.265669 | L45: =267.7*95.9/100*$L$2 -> 323.47262 | M45: =72.8*85.1/100*$M$2 -> 80.53864 | N45: =K45*D45/1000 -> 23.821969 | O45: =L45*E45/1000 -> 29.597745 | P45: =M45*F45/1000 -> 0 | Q45: =SUM(N45:P45) -> 53.419714 | R45: =TIMEVALUE(C45) -> 0.56944444 | S45: =DATEVALUE(A45)-MIN($A$3:$A$68) -> 45261 | T45: =R45*86400 -> 49200 | U45: =S45-MIN($S$3:$S$68) -> 39 | V45: =U45*86400 -> 3369600 | W45: =V45+T45 -> 3418800 | X45: =W45-$R$2 -> 3199200 | Y45: =E45 -> 91.5 | Z45: =D45 -> 365
A46: 04/12/2023 | B46: 10:30 | C46: =TEXT(DATEVALUE(A46) + TIMEVALUE(B46), "gg-mm-aaaa hh:mm") -> 04-12-2023 10:30 | D46: 0 | E46: 0 | F46: =G44-G46 -> -1.02 | G46: 1215.17 | I46: 1 | J46: =54.9*77.7/100 -> 42.6573 | K46: =J46*$K$2 -> 65.265669 | L46: =267.7*95.9/100*$L$2 -> 323.47262 | M46: =72.8*85.1/100*$M$2 -> 80.53864 | N46: =K46*D46/1000 -> 0 | O46: =L46*E46/1000 -> 0 | P46: =M46*F46/1000 -> -0.082149413 | Q46: =SUM(N46:P46) -> -0.082149413 | R46: =TIMEVALUE(C46) -> 0.4375 | S46: =DATEVALUE(A46)-MIN($A$3:$A$68) -> 45264 | T46: =R46*86400 -> 37800 | U46: =S46-MIN($S$3:$S$68) -> 42 | V46: =U46*86400 -> 3628800 | W46: =V46+T46 -> 3666600 | X46: =W46-$R$2 -> 3447000 | Y46: =E46 -> 0 | Z46: =D46 -> 0
A47: 04/12/2023 | B47: 16:00 | C47: =TEXT(DATEVALUE(A47) + TIMEVALUE(B47), "gg-mm-aaaa hh:mm") -> 04-12-2023 16:00 | D47: 243 | E47: 61 | F47: 0 | I47: 1 | J47: =54.9*77.7/100 -> 42.6573 | K47: =J47*$K$2 -> 65.265669 | L47: =267.7*95.9/100*$L$2 -> 323.47262 | M47: =72.8*85.1/100*$M$2 -> 80.53864 | N47: =K47*D47/1000 -> 15.859558 | O47: =L47*E47/1000 -> 19.73183 | P47: =M47*F47/1000 -> 0 | Q47: =SUM(N47:P47) -> 35.591387 | R47: =TIMEVALUE(C47) -> 0.66666667 | S47: =DATEVALUE(A47)-MIN($A$3:$A$68) -> 45264 | T47: =R47*86400 -> 57600 | U47: =S47-MIN($S$3:$S$68) -> 42 | V47: =U47*86400 -> 3628800 | W47: =V47+T47 -> 3686400 | X47: =W47-$R$2 -> 3466800 | Y47: =E47 -> 61 | Z47: =D47 -> 243
A48: 06/12/2023 | B48: 10:30 | C48: =TEXT(DATEVALUE(A48) + TIMEVALUE(B48), "gg-mm-aaaa hh:mm") -> 06-12-2023 10:30 | D48: 0 | E48: 0 | F48: =G46-G48 -> 210.5 | G48: 1004.67 | I48: 1 | J48: =54.9*77.7/100 -> 42.6573 | K48: =J48*$K$2 -> 65.265669 | L48: =267.7*95.9/100*$L$2 -> 323.47262 | M48: =72.8*85.1/100*$M$2 -> 80.53864 | N48: =K48*D48/1000 -> 0 | O48: =L48*E48/1000 -> 0 | P48: =M48*F48/1000 -> 16.953384 | Q48: =SUM(N48:P48) -> 16.953384 | R48: =TIMEVALUE(C48) -> 0.4375 | S48: =DATEVALUE(A48)-MIN($A$3:$A$68) -> 45266 | T48: =R48*86400 -> 37800 | U48: =S48-MIN($S$3:$S$68) -> 44 | V48: =U48*86400 -> 3801600 | W48: =V48+T48 -> 3839400 | X48: =W48-$R$2 -> 3619800 | Y48: =E48 -> 0 | Z48: =D48 -> 0
A49: 06/12/2023 | B49: 10:30 | C49: =TEXT(DATEVALUE(A49) + TIMEVALUE(B49), "gg-mm-aaaa hh:mm") -> 06-12-2023 10:30 | G49: 1425.7 | J49: =54.9*77.7/100 -> 42.6573 | K49: =J49*$K$2 -> 65.265669 | L49: =267.7*95.9/100*$L$2 -> 323.47262 | M49: =72.8*85.1/100*$M$2 -> 80.53864 | N49: =K49*D49/1000 -> 0 | O49: =L49*E49/1000 -> 0 | P49: =M49*F49/1000 -> 0 | Q49: =SUM(N49:P49) -> 0 | R49: =TIMEVALUE(C49) -> 0.4375 | S49: =DATEVALUE(A49)-MIN($A$3:$A$68) -> 45266 | T49: =R49*86400 -> 37800 | U49: =S49-MIN($S$3:$S$68) -> 44 | V49: =U49*86400 -> 3801600 | W49: =V49+T49 -> 3839400 | X49: =W49-$R$2 -> 3619800 | Y49: =E49 -> 0 | Z49: =D49 -> 0
A50: 06/12/2023 | B50: 12:30 | C50: =TEXT(DATEVALUE(A50) + TIMEVALUE(B50), "gg-mm-aaaa hh:mm") -> 06-12-2023 12:30 | D50: =243*2 -> 486 | E50: =61*2 -> 122 | F50: 0 | I50: 1 | J50: =54.9*77.7/100 -> 42.6573 | K50: =J50*$K$2 -> 65.265669 | L50: =267.7*95.9/100*$L$2 -> 323.47262 | M50: =72.8*85.1/100*$M$2 -> 80.53864 | N50: =K50*D50/1000 -> 31.719115 | O50: =L50*E50/1000 -> 39.463659 | P50: =M50*F50/1000 -> 0 | Q50: =SUM(N50:P50) -> 71.182775 | R50: =TIMEVALUE(C50) -> 0.52083333 | S50: =DATEVALUE(A50)-MIN($A$3:$A$68) -> 45266 | T50: =R50*86400 -> 45000 | U50: =S50-MIN($S$3:$S$68) -> 44 | V50: =U50*86400 -> 3801600 | W50: =V50+T50 -> 3846600 | X50: =W50-$R$2 -> 3627000 | Y50: =E50 -> 122 | Z50: =D50 -> 486
A51: 11/12/2023 | B51: 11:50 | C51: =TEXT(DATEVALUE(A51) + TIMEVALUE(B51), "gg-mm-aaaa hh:mm") -> 11-12-2023 11:50 | D51: =243*2 -> 486 | E51: 0 | F51: 0 | I51: 1 | J51: =54.9*77.7/100 -> 42.6573 | K51: =J51*$K$2 -> 65.265669 | L51: =267.7*95.9/100*$L$2 -> 323.47262 | M51: =72.8*85.1/100*$M$2 -> 80.53864 | N51: =K51*D51/1000 -> 31.719115 | O51: =L51*E51/1000 -> 0 | P51: =M51*F51/1000 -> 0 | Q51: =SUM(N51:P51) -> 31.719115 | R51: =TIMEVALUE(C51) -> 0.49305556 | S51: =DATEVALUE(A51)-MIN($A$3:$A$68) -> 45271 | T51: =R51*86400 -> 42600 | U51: =S51-MIN($S$3:$S$68) -> 49 | V51: =U51*86400 -> 4233600 | W51: =V51+T51 -> 4276200 | X51: =W51-$R$2 -> 4056600 | Y51: =E51 -> 0 | Z51: =D51 -> 486
A52: 11/12/2023 | B52: 15:00 | C52: =TEXT(DATEVALUE(A52) + TIMEVALUE(B52), "gg-mm-aaaa hh:mm") -> 11-12-2023 15:00 | D52: 0 | E52: 0 | F52: =G49-G52 -> 436.31 | G52: 989.39 | I52: 1 | J52: =54.9*77.7/100 -> 42.6573 | K52: =J52*$K$2 -> 65.265669 | L52: =267.7*95.9/100*$L$2 -> 323.47262 | M52: =72.8*85.1/100*$M$2 -> 80.53864 | N52: =K52*D52/1000 -> 0 | O52: =L52*E52/1000 -> 0 | P52: =M52*F52/1000 -> 35.139814 | Q52: =SUM(N52:P52) -> 35.139814 | R52: =TIMEVALUE(C52) -> 0.625 | S52: =DATEVALUE(A52)-MIN($A$3:$A$68) -> 45271 | T52: =R52*86400 -> 54000 | U52: =S52-MIN($S$3:$S$68) -> 49 | V52: =U52*86400 -> 4233600 | W52: =V52+T52 -> 4287600 | X52: =W52-$R$2 -> 4068000 | Y52: =E52 -> 0 | Z52: =D52 -> 0
A53: 11/12/2023 | B53: 15:00 | C53: =TEXT(DATEVALUE(A53) + TIMEVALUE(B53), "gg-mm-aaaa hh:mm") -> 11-12-2023 15:00 | G53: 1117.1 | J53: =54.9*77.7/100 -> 42.6573 | K53: =J53*$K$2 -> 65.265669 | L53: =267.7*95.9/100*$L$2 -> 323.47262 | M53: =72.8*85.1/100*$M$2 -> 80.53864 | N53: =K53*D53/1000 -> 0 | O53: =L53*E53/1000 -> 0 | P53: =M53*F53/1000 -> 0 | Q53: =SUM(N53:P53) -> 0 | R53: =TIMEVALUE(C53) -> 0.625 | S53: =DATEVALUE(A53)-MIN($A$3:$A$68) -> 45271 | T53: =R53*86400 -> 54000 | U53: =S53-MIN($S$3:$S$68) -> 49 | V53: =U53*86400 -> 4233600 | W53: =V53+T53 -> 4287600 | X53: =W53-$R$2 -> 4068000 | Y53: =E53 -> 0 | Z53: =D53 -> 0
A54: 13/12/2023 | B54: 12:00 | C54: =TEXT(DATEVALUE(A54) + TIMEVALUE(B54), "gg-mm-aaaa hh:mm") -> 13-12-2023 12:00 | G54: 997.66 | J54: =68.1*77.5/100 -> 52.7775 | K54: =J54*$K$2 -> 80.749575 | L54: =267.7*95.9/100*$L$2 -> 323.47262 | M54: =72.8*85.1/100*$M$2 -> 80.53864 | N54: =K54*D54/1000 -> 0 | O54: =L54*E54/1000 -> 0 | P54: =M54*F54/1000 -> 0 | Q54: =SUM(N54:P54) -> 0 | R54: =TIMEVALUE(C54) -> 0.5 | S54: =DATEVALUE(A54)-MIN($A$3:$A$68) -> 45273 | T54: =R54*86400 -> 43200 | U54: =S54-MIN($S$3:$S$68) -> 51 | V54: =U54*86400 -> 4406400 | W54: =V54+T54 -> 4449600 | X54: =W54-$R$2 -> 4230000 | Y54: =E54 -> 0 | Z54: =D54 -> 0
A55: 13/12/2023 | B55: 12:00 | C55: =TEXT(DATEVALUE(A55) + TIMEVALUE(B55), "gg-mm-aaaa hh:mm") -> 13-12-2023 12:00 | D55: 0 | E55: 0 | F55: =G53-G54 -> 119.44 | G55: 1114.52 | I55: 1 | J55: =68.1*77.5/100 -> 52.7775 | K55: =J55*$K$2 -> 80.749575 | L55: =267.7*95.9/100*$L$2 -> 323.47262 | M55: =72.8*85.1/100*$M$2 -> 80.53864 | N55: =K55*D55/1000 -> 0 | O55: =L55*E55/1000 -> 0 | P55: =M55*F55/1000 -> 9.6195352 | Q55: =SUM(N55:P55) -> 9.6195352 | R55: =TIMEVALUE(C55) -> 0.5 | S55: =DATEVALUE(A55)-MIN($A$3:$A$68) -> 45273 | T55: =R55*86400 -> 43200 | U55: =S55-MIN($S$3:$S$68) -> 51 | V55: =U55*86400 -> 4406400 | W55: =V55+T55 -> 4449600 | X55: =W55-$R$2 -> 4230000 | Y55: =E55 -> 0 | Z55: =D55 -> 0
A56: 13/12/2023 | B56: 12:30 | C56: =TEXT(DATEVALUE(A56) + TIMEVALUE(B56), "gg-mm-aaaa hh:mm") -> 13-12-2023 12:30 | D56: =243*2 -> 486 | E56: =61*2 -> 122 | F56: 0 | I56: 1 | J56: =68.1*77.5/100 -> 52.7775 | K56: =J56*$K$2 -> 80.749575 | L56: =267.7*95.9/100*$L$2 -> 323.47262 | M56: =72.8*85.1/100*$M$2 -> 80.53864 | N56: =K56*D56/1000 -> 39.244293 | O56: =L56*E56/1000 -> 39.463659 | P56: =M56*F56/1000 -> 0 | Q56: =SUM(N56:P56) -> 78.707953 | R56: =TIMEVALUE(C56) -> 0.52083333 | S56: =DATEVALUE(A56)-MIN($A$3:$A$68) -> 45273 | T56: =R56*86400 -> 45000 | U56: =S56-MIN($S$3:$S$68) -> 51 | V56: =U56*86400 -> 4406400 | W56: =V56+T56 -> 4451400 | X56: =W56-$R$2 -> 4231800 | Y56: =E56 -> 122 | Z56: =D56 -> 486
A57: 15/12/2023 | B57: 11:00 | C57: =TEXT(DATEVALUE(A57) + TIMEVALUE(B57), "gg-mm-aaaa hh:mm") -> 15-12-2023 11:00 | D57: 0 | E57: 0 | F57: =G55-G57 -> 175.98 | G57: 938.54 | H57: NOTE: this is the weight of the bottle before emptying and cleaning | I57: 1 | J57: =68.1*77.5/100 -> 52.7775 | K57: =J57*$K$2 -> 80.749575 | L57: =267.7*95.9/100*$L$2 -> 323.47262 | M57: =72.8*85.1/100*$M$2 -> 80.53864 | N57: =K57*D57/1000 -> 0 | O57: =L57*E57/1000 -> 0 | P57: =M57*F57/1000 -> 14.17319 | Q57: =SUM(N57:P57) -> 14.17319 | R57: =TIMEVALUE(C57) -> 0.45833333 | S57: =DATEVALUE(A57)-MIN($A$3:$A$68) -> 45275 | T57: =R57*86400 -> 39600 | U57: =S57-MIN($S$3:$S$68) -> 53 | V57: =U57*86400 -> 4579200 | W57: =V57+T57 -> 4618800 | X57: =W57-$R$2 -> 4399200 | Y57: =E57 -> 0 | Z57: =D57 -> 0
A58: 15/12/2023 | B58: 12:30 | C58: =TEXT(DATEVALUE(A58) + TIMEVALUE(B58), "gg-mm-aaaa hh:mm") -> 15-12-2023 12:30 | G58: 1222.66 | H58: NOTE: this is the weight of the bottle after emptying, cleaning and disinfecting and refilling with tomato. ariana was responsible for this part it was around 12:30 I guess | J58: =68.1*77.5/100 -> 52.7775 | K58: =J58*$K$2 -> 80.749575 | L58: =267.7*95.9/100*$L$2 -> 323.47262 | M58: =72.8*85.1/100*$M$2 -> 80.53864 | N58: =K58*D58/1000 -> 0 | O58: =L58*E58/1000 -> 0 | P58: =M58*F58/1000 -> 0 | Q58: =SUM(N58:P58) -> 0 | R58: =TIMEVALUE(C58) -> 0.52083333 | S58: =DATEVALUE(A58)-MIN($A$3:$A$68) -> 45275 | T58: =R58*86400 -> 45000 | U58: =S58-MIN($S$3:$S$68) -> 53 | V58: =U58*86400 -> 4579200 | W58: =V58+T58 -> 4624200 | X58: =W58-$R$2 -> 4404600 | Y58: =E58 -> 0 | Z58: =D58 -> 0
A59: 15/12/2023 | B59: 14:30 | C59: =TEXT(DATEVALUE(A59) + TIMEVALUE(B59), "gg-mm-aaaa hh:mm") -> 15-12-2023 14:30 | D59: 730 | E59: 183 | F59: 0 | I59: 1 | J59: =68.1*77.5/100 -> 52.7775 | K59: =J59*$K$2 -> 80.749575 | L59: =267.7*95.9/100*$L$2 -> 323.47262 | M59: =72.8*85.1/100*$M$2 -> 80.53864 | N59: =K59*D59/1000 -> 58.94719 | O59: =L59*E59/1000 -> 59.195489 | P59: =M59*F59/1000 -> 0 | Q59: =SUM(N59:P59) -> 118.14268 | R59: =TIMEVALUE(C59) -> 0.60416667 | S59: =DATEVALUE(A59)-MIN($A$3:$A$68) -> 45275 | T59: =R59*86400 -> 52200 | U59: =S59-MIN($S$3:$S$68) -> 53 | V59: =U59*86400 -> 4579200 | W59: =V59+T59 -> 4631400 | X59: =W59-$R$2 -> 4411800 | Y59: =E59 -> 183 | Z59: =D59 -> 730
A60: 18/12/2023 | B60: 12:00 | C60: =TEXT(DATEVALUE(A60) + TIMEVALUE(B60), "gg-mm-aaaa hh:mm") -> 18-12-2023 12:00 | D60: 0 | E60: 0 | F60: =G58-G60 -> 266.95 | G60: 955.71 | I60: 1 | J60: =46.6*77.5/100 -> 36.115 | K60: =J60*$K$2 -> 55.25595 | L60: =263.6*95.9/100*$L$2 -> 318.51842 | M60: =72.8*85.1/100*$M$2 -> 80.53864 | N60: =K60*D60/1000 -> 0 | O60: =L60*E60/1000 -> 0 | P60: =M60*F60/1000 -> 21.49979 | Q60: =SUM(N60:P60) -> 21.49979 | R60: =TIMEVALUE(C60) -> 0.5 | S60: =DATEVALUE(A60)-MIN($A$3:$A$68) -> 45278 | T60: =R60*86400 -> 43200 | U60: =S60-MIN($S$3:$S$68) -> 56 | V60: =U60*86400 -> 4838400 | W60: =V60+T60 -> 4881600 | X60: =W60-$R$2 -> 4662000 | Y60: =E60 -> 0 | Z60: =D60 -> 0
A61: 18/12/2023 | B61: 13:00 | C61: =TEXT(DATEVALUE(A61) + TIMEVALUE(B61), "gg-mm-aaaa hh:mm") -> 18-12-2023 13:00 | G61: 1003.5 | J61: =46.6*77.5/100 -> 36.115 | K61: =J61*$K$2 -> 55.25595 | L61: =263.6*95.9/100*$L$2 -> 318.51842 | M61: =72.8*85.1/100*$M$2 -> 80.53864 | N61: =K61*D61/1000 -> 0 | O61: =L61*E61/1000 -> 0 | P61: =M61*F61/1000 -> 0 | Q61: =SUM(N61:P61) -> 0 | R61: =TIMEVALUE(C61) -> 0.54166667 | S61: =DATEVALUE(A61)-MIN($A$3:$A$68) -> 45278 | T61: =R61*86400 -> 46800 | U61: =S61-MIN($S$3:$S$68) -> 56 | V61: =U61*86400 -> 4838400 | W61: =V61+T61 -> 4885200 | X61: =W61-$R$2 -> 4665600 | Y61: =E61 -> 0 | Z61: =D61 -> 0
A62: 18/12/2023 | B62: 13:00 | C62: =TEXT(DATEVALUE(A62) + TIMEVALUE(B62), "gg-mm-aaaa hh:mm") -> 18-12-2023 13:00 | D62: =243*2 -> 486 | E62: =61*2 -> 122 | F62: 0 | H62: Andrea Remelli: some material remained sutcked in the feeding tube (it has not been pushed down in the liquid phase) | I62: 1 | J62: =46.6*77.5/100 -> 36.115 | K62: =J62*$K$2 -> 55.25595 | L62: =263.6*95.9/100*$L$2 -> 318.51842 | M62: =72.8*85.1/100*$M$2 -> 80.53864 | N62: =K62*D62/1000 -> 26.854392 | O62: =L62*E62/1000 -> 38.859248 | P62: =M62*F62/1000 -> 0 | Q62: =SUM(N62:P62) -> 65.713639 | R62: =TIMEVALUE(C62) -> 0.54166667 | S62: =DATEVALUE(A62)-MIN($A$3:$A$68) -> 45278 | T62: =R62*86400 -> 46800 | U62: =S62-MIN($S$3:$S$68) -> 56 | V62: =U62*86400 -> 4838400 | W62: =V62+T62 -> 4885200 | X62: =W62-$R$2 -> 4665600 | Y62: =E62 -> 122 | Z62: =D62 -> 486
A63: 20/12/2023 | B63: 10:00 | C63: =TEXT(DATEVALUE(A63) + TIMEVALUE(B63), "gg-mm-aaaa hh:mm") -> 20-12-2023 10:00 | D63: 0 | E63: 0 | F63: =G61-G63 -> 141.67 | G63: 861.83 | I63: 1 | J63: =46.6*77.5/100 -> 36.115 | K63: =J63*$K$2 -> 55.25595 | L63: =263.6*95.9/100*$L$2 -> 318.51842 | M63: =72.8*85.1/100*$M$2 -> 80.53864 | N63: =K63*D63/1000 -> 0 | O63: =L63*E63/1000 -> 0 | P63: =M63*F63/1000 -> 11.409909 | Q63: =SUM(N63:P63) -> 11.409909 | R63: =TIMEVALUE(C63) -> 0.41666667 | S63: =DATEVALUE(A63)-MIN($A$3:$A$68) -> 45280 | T63: =R63*86400 -> 36000 | U63: =S63-MIN($S$3:$S$68) -> 58 | V63: =U63*86400 -> 5011200 | W63: =V63+T63 -> 5047200 | X63: =W63-$R$2 -> 4827600 | Y63: =E63 -> 0 | Z63: =D63 -> 0
A64: 20/12/2023 | B64: 10:00 | C64: =TEXT(DATEVALUE(A64) + TIMEVALUE(B64), "gg-mm-aaaa hh:mm") -> 20-12-2023 10:00 | G64: 1172.22 | J64: =46.6*77.5/100 -> 36.115 | K64: =J64*$K$2 -> 55.25595 | L64: =263.6*95.9/100*$L$2 -> 318.51842 | M64: =72.8*85.1/100*$M$2 -> 80.53864 | N64: =K64*D64/1000 -> 0 | O64: =L64*E64/1000 -> 0 | P64: =M64*F64/1000 -> 0 | Q64: =SUM(N64:P64) -> 0 | R64: =TIMEVALUE(C64) -> 0.41666667 | S64: =DATEVALUE(A64)-MIN($A$3:$A$68) -> 45280 | T64: =R64*86400 -> 36000 | U64: =S64-MIN($S$3:$S$68) -> 58 | V64: =U64*86400 -> 5011200 | W64: =V64+T64 -> 5047200 | X64: =W64-$R$2 -> 4827600 | Y64: =E64 -> 0 | Z64: =D64 -> 0
A65: 20/12/2023 | B65: 13:00 | C65: =TEXT(DATEVALUE(A65) + TIMEVALUE(B65), "gg-mm-aaaa hh:mm") -> 20-12-2023 13:00 | D65: =243*2 -> 486 | E65: =61*2 -> 122 | F65: 0 | I65: 1 | J65: =46.6*77.5/100 -> 36.115 | K65: =J65*$K$2 -> 55.25595 | L65: =263.6*95.9/100*$L$2 -> 318.51842 | M65: =72.8*85.1/100*$M$2 -> 80.53864 | N65: =K65*D65/1000 -> 26.854392 | O65: =L65*E65/1000 -> 38.859248 | P65: =M65*F65/1000 -> 0 | Q65: =SUM(N65:P65) -> 65.713639 | R65: =TIMEVALUE(C65) -> 0.54166667 | S65: =DATEVALUE(A65)-MIN($A$3:$A$68) -> 45280 | T65: =R65*86400 -> 46800 | U65: =S65-MIN($S$3:$S$68) -> 58 | V65: =U65*86400 -> 5011200 | W65: =V65+T65 -> 5058000 | X65: =W65-$R$2 -> 4838400 | Y65: =E65 -> 122 | Z65: =D65 -> 486
A66: 22/12/2023 | B66: 10:00 | C66: =TEXT(DATEVALUE(A66) + TIMEVALUE(B66), "gg-mm-aaaa hh:mm") -> 22-12-2023 10:00 | D66: 0 | E66: 0 | F66: =G64-G66 -> 156.24 | G66: 1015.98 | I66: 1 | J66: =46.6*77.5/100 -> 36.115 | K66: =J66*$K$2 -> 55.25595 | L66: =263.6*95.9/100*$L$2 -> 318.51842 | M66: =72.8*85.1/100*$M$2 -> 80.53864 | N66: =K66*D66/1000 -> 0 | O66: =L66*E66/1000 -> 0 | P66: =M66*F66/1000 -> 12.583357 | Q66: =SUM(N66:P66) -> 12.583357 | R66: =TIMEVALUE(C66) -> 0.41666667 | S66: =DATEVALUE(A66)-MIN($A$3:$A$68) -> 45282 | T66: =R66*86400 -> 36000 | U66: =S66-MIN($S$3:$S$68) -> 60 | V66: =U66*86400 -> 5184000 | W66: =V66+T66 -> 5220000 | X66: =W66-$R$2 -> 5000400 | Y66: =E66 -> 0 | Z66: =D66 -> 0
A67: 22/12/2023 | B67: 16:30 | C67: =TEXT(DATEVALUE(A67) + TIMEVALUE(B67), "gg-mm-aaaa hh:mm") -> 22-12-2023 16:30 | D67: 730 | E67: 183 | F67: 0 | I67: 1 | J67: =46.6*77.5/100 -> 36.115 | K67: =J67*$K$2 -> 55.25595 | L67: =263.6*95.9/100*$L$2 -> 318.51842 | M67: =72.8*85.1/100*$M$2 -> 80.53864 | N67: =K67*D67/1000 -> 40.336844 | O67: =L67*E67/1000 -> 58.288872 | P67: =M67*F67/1000 -> 0 | Q67: =SUM(N67:P67) -> 98.625715 | R67: =TIMEVALUE(C67) -> 0.6875 | S67: =DATEVALUE(A67)-MIN($A$3:$A$68) -> 45282 | T67: =R67*86400 -> 59400 | U67: =S67-MIN($S$3:$S$68) -> 60 | V67: =U67*86400 -> 5184000 | W67: =V67+T67 -> 5243400 | X67: =W67-$R$2 -> 5023800 | Y67: =E67 -> 183 | Z67: =D67 -> 730
A68: 08/01/2024 | B68: 10:00 | C68: =TEXT(DATEVALUE(A68) + TIMEVALUE(B68), "gg-mm-aaaa hh:mm") -> 08-01-2024 10:00 | D68: 0 | E68: 0 | F68: 0 | G68: 1050.29 | J68: =46.6*77.5/100 -> 36.115 | K68: =J68*$K$2 -> 55.25595 | L68: =263.6*95.9/100*$L$2 -> 318.51842 | M68: =72.8*85.1/100*$M$2 -> 80.53864 | N68: =K68*D68/1000 -> 0 | O68: =L68*E68/1000 -> 0 | P68: =M68*F68/1000 -> 0 | Q68: =SUM(N68:P68) -> 0 | R68: =TIMEVALUE(C68) -> 0.41666667 | S68: =DATEVALUE(A68)-MIN($A$3:$A$68) -> 45299 | T68: =R68*86400 -> 36000 | U68: =S68-MIN($S$3:$S$68) -> 77 | V68: =U68*86400 -> 6652800 | W68: =V68+T68 -> 6688800 | X68: =W68-$R$2 -> 6469200 | Y68: =E68 -> 0 | Z68: =D68 -> 0
A69: 08/01/2024 | B69: 13:00 | C69: =TEXT(DATEVALUE(A69) + TIMEVALUE(B69), "gg-mm-aaaa hh:mm") -> 08-01-2024 13:00 | D69: =243*2 -> 486 | E69: =61*2 -> 122 | F69: 0 | I69: 1 | J69: =46.6*77.5/100 -> 36.115 | K69: =J69*$K$2 -> 55.25595 | L69: =263.6*95.9/100*$L$2 -> 318.51842 | M69: =72.8*85.1/100*$M$2 -> 80.53864 | N69: =K69*D69/1000 -> 26.854392 | O69: =L69*E69/1000 -> 38.859248 | P69: =M69*F69/1000 -> 0 | Q69: =SUM(N69:P69) -> 65.713639 | R69: =TIMEVALUE(C69) -> 0.54166667 | S69: =DATEVALUE(A69)-MIN($A$3:$A$68) -> 45299 | T69: =R69*86400 -> 46800 | U69: =S69-MIN($S$3:$S$68) -> 77 | V69: =U69*86400 -> 6652800 | W69: =V69+T69 -> 6699600 | X69: =W69-$R$2 -> 6480000 | Y69: =E69 -> 122 | Z69: =D69 -> 486
A70: 10/01/2024 | B70: 10:00 | C70: =TEXT(DATEVALUE(A70) + TIMEVALUE(B70), "gg-mm-aaaa hh:mm") -> 10-01-2024 10:00 | D70: =243*2 -> 486 | E70: =61*2 -> 122 | F70: =G68-G70 -> 161.01 | G70: 889.28 | H70: 1124.47 | I70: 1 | J70: =46.6*77.5/100 -> 36.115 | K70: =J70*$K$2 -> 55.25595 | L70: =263.6*95.9/100*$L$2 -> 318.51842 | M70: =72.8*85.1/100*$M$2 -> 80.53864 | N70: =K70*D70/1000 -> 26.854392 | O70: =L70*E70/1000 -> 38.859248 | P70: =M70*F70/1000 -> 12.967526 | Q70: =SUM(N70:P70) -> 78.681166 | R70: =TIMEVALUE(C70) -> 0.41666667 | S70: =DATEVALUE(A70)-MIN($A$3:$A$68) -> 45301 | T70: =R70*86400 -> 36000 | U70: =S70-MIN($S$3:$S$68) -> 79 | V70: =U70*86400 -> 6825600 | W70: =V70+T70 -> 6861600 | X70: =W70-$R$2 -> 6642000 | Y70: =E70 -> 122 | Z70: =D70 -> 486
A71: 12/01/2024 | B71: 10:50 | C71: =TEXT(DATEVALUE(A71) + TIMEVALUE(B71), "gg-mm-aaaa hh:mm") -> 12-01-2024 10:50 | D71: 730 | E71: 183 | F71: =H70-G71 -> 177.04 | G71: 947.43 | I71: 1 | J71: =46.6*77.5/100 -> 36.115 | K71: =J71*$K$2 -> 55.25595 | L71: =263.6*95.9/100*$L$2 -> 318.51842 | M71: =72.8*85.1/100*$M$2 -> 80.53864 | N71: =K71*D71/1000 -> 40.336844 | O71: =L71*E71/1000 -> 58.288872 | P71: =M71*F71/1000 -> 14.258561 | Q71: =SUM(N71:P71) -> 112.88428 | R71: =TIMEVALUE(C71) -> 0.45138889 | S71: =DATEVALUE(A71)-MIN($A$3:$A$68) -> 45303 | T71: =R71*86400 -> 39000 | U71: =S71-MIN($S$3:$S$68) -> 81 | V71: =U71*86400 -> 6998400 | W71: =V71+T71 -> 7037400 | X71: =W71-$R$2 -> 6817800 | Y71: =E71 -> 183 | Z71: =D71 -> 730
A72: 15/01/2024 | B72: 10:30 | C72: =TEXT(DATEVALUE(A72) + TIMEVALUE(B72), "gg-mm-aaaa hh:mm") -> 15-01-2024 10:30 | D72: =243*2 -> 486 | E72: =61*2 -> 122 | F72: 0 | I72: 1 | J72: =46.6*77.5/100 -> 36.115 | K72: =J72*$K$2 -> 55.25595 | L72: =263.6*95.9/100*$L$2 -> 318.51842 | M72: =72.8*85.1/100*$M$2 -> 80.53864 | N72: =K72*D72/1000 -> 26.854392 | O72: =L72*E72/1000 -> 38.859248 | P72: =M72*F72/1000 -> 0 | Q72: =SUM(N72:P72) -> 65.713639 | R72: =TIMEVALUE(C72) -> 0.4375 | S72: =DATEVALUE(A72)-MIN($A$3:$A$68) -> 45306 | T72: =R72*86400 -> 37800 | U72: =S72-MIN($S$3:$S$68) -> 84 | V72: =U72*86400 -> 7257600 | W72: =V72+T72 -> 7295400 | X72: =W72-$R$2 -> 7075800 | Y72: =E72 -> 122 | Z72: =D72 -> 486
A73: 17/01/2024 | B73: 11:00 | C73: =TEXT(DATEVALUE(A73) + TIMEVALUE(B73), "gg-mm-aaaa hh:mm") -> 17-01-2024 11:00 | D73: =243*2 -> 486 | E73: =61*2 -> 122 | F73: 0 | I73: 1 | J73: =46.6*77.5/100 -> 36.115 | K73: =J73*$K$2 -> 55.25595 | L73: =263.6*95.9/100*$L$2 -> 318.51842 | M73: =72.8*85.1/100*$M$2 -> 80.53864 | N73: =K73*D73/1000 -> 26.854392 | O73: =L73*E73/1000 -> 38.859248 | P73: =M73*F73/1000 -> 0 | Q73: =SUM(N73:P73) -> 65.713639 | R73: =TIMEVALUE(C73) -> 0.45833333 | S73: =DATEVALUE(A73)-MIN($A$3:$A$68) -> 45308 | T73: =R73*86400 -> 39600 | U73: =S73-MIN($S$3:$S$68) -> 86 | V73: =U73*86400 -> 7430400 | W73: =V73+T73 -> 7470000 | X73: =W73-$R$2 -> 7250400 | Y73: =E73 -> 122 | Z73: =D73 -> 486
A74: 19/01/2024 | B74: 12:30 | C74: =TEXT(DATEVALUE(A74) + TIMEVALUE(B74), "gg-mm-aaaa hh:mm") -> 19-01-2024 12:30 | D74: 700 | E74: 122 | F74: 0 | G74: 1134 | H74: NEW OLR. Wrong dosage of maize becouse it was already mixed with slurry. 486 old slurry + 122 new slurry opened today | I74: 1 | J74: =46.6*77.5/100 -> 36.115 | K74: =J74*$K$2 -> 55.25595 | L74: =263.6*95.9/100*$L$2 -> 318.51842 | M74: =72.8*85.1/100*$M$2 -> 80.53864 | N74: =K74*D74/1000 -> 38.679165 | O74: =L74*E74/1000 -> 38.859248 | P74: =M74*F74/1000 -> 0 | Q74: =SUM(N74:P74) -> 77.538413 | R74: =TIMEVALUE(C74) -> 0.52083333 | S74: =DATEVALUE(A74)-MIN($A$3:$A$68) -> 45310 | T74: =R74*86400 -> 45000 | U74: =S74-MIN($S$3:$S$68) -> 88 | V74: =U74*86400 -> 7603200 | W74: =V74+T74 -> 7648200 | X74: =W74-$R$2 -> 7428600 | Y74: =E74 -> 122 | Z74: =D74 -> 700
A75: 22/01/2024 | B75: 10:44 | C75: =TEXT(DATEVALUE(A75) + TIMEVALUE(B75), "gg-mm-aaaa hh:mm") -> 22-01-2024 10:44 | D75: 486 | E75: 64 | F75: =G74-G75 -> 233 | G75: 901 | H75: 1022 | I75: 1 | J75: =54.5*77.5/100 -> 42.2375 | K75: =J75*$K$2 -> 64.623375 | L75: =263.6*95.9/100*$L$2 -> 318.51842 | M75: =72.8*85.1/100*$M$2 -> 80.53864 | N75: =K75*D75/1000 -> 31.40696 | O75: =L75*E75/1000 -> 20.385179 | P75: =M75*F75/1000 -> 18.765503 | Q75: =SUM(N75:P75) -> 70.557643 | R75: =TIMEVALUE(C75) -> 0.44722222 | S75: =DATEVALUE(A75)-MIN($A$3:$A$68) -> 45313 | T75: =R75*86400 -> 38640 | U75: =S75-MIN($S$3:$S$68) -> 91 | V75: =U75*86400 -> 7862400 | W75: =V75+T75 -> 7901040 | X75: =W75-$R$2 -> 7681440 | Y75: =E75 -> 64 | Z75: =D75 -> 486
A76: 24/01/2024 | B76: 13:00 | C76: =TEXT(DATEVALUE(A76) + TIMEVALUE(B76), "gg-mm-aaaa hh:mm") -> 24-01-2024 13:00 | D76: 486 | E76: 64 | F76: =H75-G76 -> 181 | G76: 841 | H76: 1100 | I76: 1 | J76: =54.5*77.5/100 -> 42.2375 | K76: =J76*$K$2 -> 64.623375 | L76: =263.6*95.9/100*$L$2 -> 318.51842 | M76: =72.8*85.1/100*$M$2 -> 80.53864 | N76: =K76*D76/1000 -> 31.40696 | O76: =L76*E76/1000 -> 20.385179 | P76: =M76*F76/1000 -> 14.577494 | Q76: =SUM(N76:P76) -> 66.369633 | R76: =TIMEVALUE(C76) -> 0.54166667 | S76: =DATEVALUE(A76)-MIN($A$3:$A$68) -> 45315 | T76: =R76*86400 -> 46800 | U76: =S76-MIN($S$3:$S$68) -> 93 | V76: =U76*86400 -> 8035200 | W76: =V76+T76 -> 8082000 | X76: =W76-$R$2 -> 7862400 | Y76: =E76 -> 64 | Z76: =D76 -> 486
A77: 26/01/2024 | B77: 16:45 | C77: =TEXT(DATEVALUE(A77) + TIMEVALUE(B77), "gg-mm-aaaa hh:mm") -> 26-01-2024 16:45 | D77: 730 | E77: 93 | F77: =H76-G77 -> 190.1 | G77: 909.9 | H77: 1211 | I77: 1 | J77: =54.5*77.5/100 -> 42.2375 | K77: =J77*$K$2 -> 64.623375 | L77: =263.6*95.9/100*$L$2 -> 318.51842 | M77: =72.8*85.1/100*$M$2 -> 80.53864 | N77: =K77*D77/1000 -> 47.175064 | O77: =L77*E77/1000 -> 29.622213 | P77: =M77*F77/1000 -> 15.310395 | Q77: =SUM(N77:P77) -> 92.107673 | R77: =TIMEVALUE(C77) -> 0.69791667 | S77: =DATEVALUE(A77)-MIN($A$3:$A$68) -> 45317 | T77: =R77*86400 -> 60300 | U77: =S77-MIN($S$3:$S$68) -> 95 | V77: =U77*86400 -> 8208000 | W77: =V77+T77 -> 8268300 | X77: =W77-$R$2 -> 8048700 | Y77: =E77 -> 93 | Z77: =D77 -> 730
A78: 29/01/2024 | B78: 11:15 | C78: =TEXT(DATEVALUE(A78) + TIMEVALUE(B78), "gg-mm-aaaa hh:mm") -> 29-01-2024 11:15 | D78: 486 | E78: 64 | F78: =H77-G78 -> 250.2 | G78: 960.8 | H78: 1110.9 | I78: 1 | J78: =54.5*77.5/100 -> 42.2375 | K78: =J78*$K$2 -> 64.623375 | L78: =263.6*95.9/100*$L$2 -> 318.51842 | M78: =72.8*85.1/100*$M$2 -> 80.53864 | N78: =K78*D78/1000 -> 31.40696 | O78: =L78*E78/1000 -> 20.385179 | P78: =M78*F78/1000 -> 20.150768 | Q78: =SUM(N78:P78) -> 71.942907 | R78: =TIMEVALUE(C78) -> 0.46875 | S78: =DATEVALUE(A78)-MIN($A$3:$A$68) -> 45320 | T78: =R78*86400 -> 40500 | U78: =S78-MIN($S$3:$S$68) -> 98 | V78: =U78*86400 -> 8467200 | W78: =V78+T78 -> 8507700 | X78: =W78-$R$2 -> 8288100 | Y78: =E78 -> 64 | Z78: =D78 -> 486
A79: 31/01/2024 | B79: 13:00 | C79: =TEXT(DATEVALUE(A79) + TIMEVALUE(B79), "gg-mm-aaaa hh:mm") -> 31-01-2024 13:00 | D79: 486 | E79: 64 | F79: =H78-G79 -> 169.4 | G79: 941.5 | H79: 1159 | I79: 1 | J79: =54.5*77.5/100 -> 42.2375 | K79: =J79*$K$2 -> 64.623375 | L79: =263.6*95.9/100*$L$2 -> 318.51842 | M79: =72.8*85.1/100*$M$2 -> 80.53864 | N79: =K79*D79/1000 -> 31.40696 | O79: =L79*E79/1000 -> 20.385179 | P79: =M79*F79/1000 -> 13.643246 | Q79: =SUM(N79:P79) -> 65.435385 | R79: =TIMEVALUE(C79) -> 0.54166667 | S79: =DATEVALUE(A79)-MIN($A$3:$A$68) -> 45322 | T79: =R79*86400 -> 46800 | U79: =S79-MIN($S$3:$S$68) -> 100 | V79: =U79*86400 -> 8640000 | W79: =V79+T79 -> 8686800 | X79: =W79-$R$2 -> 8467200 | Y79: =E79 -> 64 | Z79: =D79 -> 486
A80: 02/02/2024 | B80: 11:30 | C80: =TEXT(DATEVALUE(A80) + TIMEVALUE(B80), "gg-mm-aaaa hh:mm") -> 02-02-2024 11:30 | D80: 730 | E80: 96 | F80: =H79-G80 -> 165.7 | G80: 993.3 | H80: 1085.5 | I80: 1 | J80: =54.5*77.5/100 -> 42.2375 | K80: =J80*$K$2 -> 64.623375 | L80: =263.6*95.9/100*$L$2 -> 318.51842 | M80: =72.8*85.1/100*$M$2 -> 80.53864 | N80: =K80*D80/1000 -> 47.175064 | O80: =L80*E80/1000 -> 30.577769 | P80: =M80*F80/1000 -> 13.345253 | Q80: =SUM(N80:P80) -> 91.098085 | R80: =TIMEVALUE(C80) -> 0.47916667 | S80: =DATEVALUE(A80)-MIN($A$3:$A$68) -> 45324 | T80: =R80*86400 -> 41400 | U80: =S80-MIN($S$3:$S$68) -> 102 | V80: =U80*86400 -> 8812800 | W80: =V80+T80 -> 8854200 | X80: =W80-$R$2 -> 8634600 | Y80: =E80 -> 96 | Z80: =D80 -> 730
A81: 05/02/2024 | B81: 13:15 | C81: =TEXT(DATEVALUE(A81) + TIMEVALUE(B81), "gg-mm-aaaa hh:mm") -> 05-02-2024 13:15 | D81: 486 | E81: 64 | F81: =H80-G81 -> 175.5 | G81: 910 | H81: 1110 | I81: 1 | J81: =54.5*77.5/100 -> 42.2375 | K81: =J81*$K$2 -> 64.623375 | L81: =263.6*95.9/100*$L$2 -> 318.51842 | M81: =72.8*85.1/100*$M$2 -> 80.53864 | N81: =K81*D81/1000 -> 31.40696 | O81: =L81*E81/1000 -> 20.385179 | P81: =M81*F81/1000 -> 14.134531 | Q81: =SUM(N81:P81) -> 65.926671 | R81: =TIMEVALUE(C81) -> 0.55208333 | S81: =DATEVALUE(A81)-MIN($A$3:$A$68) -> 45327 | T81: =R81*86400 -> 47700 | U81: =S81-MIN($S$3:$S$68) -> 105 | V81: =U81*86400 -> 9072000 | W81: =V81+T81 -> 9119700 | X81: =W81-$R$2 -> 8900100 | Y81: =E81 -> 64 | Z81: =D81 -> 486
A82: 07/02/2024 | B82: 15:00 | C82: =TEXT(DATEVALUE(A82) + TIMEVALUE(B82), "gg-mm-aaaa hh:mm") -> 07-02-2024 15:00 | D82: 486 | E82: 64 | F82: =H81-G82 -> 173.5 | G82: 936.5 | H82: 1043.2 | I82: 1 | J82: =54.5*77.5/100 -> 42.2375 | K82: =J82*$K$2 -> 64.623375 | L82: =263.6*95.9/100*$L$2 -> 318.51842 | M82: =72.8*85.1/100*$M$2 -> 80.53864 | N82: =K82*D82/1000 -> 31.40696 | O82: =L82*E82/1000 -> 20.385179 | P82: =M82*F82/1000 -> 13.973454 | Q82: =SUM(N82:P82) -> 65.765593 | R82: =TIMEVALUE(C82) -> 0.625 | S82: =DATEVALUE(A82)-MIN($A$3:$A$68) -> 45329 | T82: =R82*86400 -> 54000 | U82: =S82-MIN($S$3:$S$68) -> 107 | V82: =U82*86400 -> 9244800 | W82: =V82+T82 -> 9298800 | X82: =W82-$R$2 -> 9079200 | Y82: =E82 -> 64 | Z82: =D82 -> 486
A83: 09/02/2024 | B83: 16:15 | C83: =TEXT(DATEVALUE(A83) + TIMEVALUE(B83), "gg-mm-aaaa hh:mm") -> 09-02-2024 16:15 | D83: 730 | E83: 96 | F83: =H82-G83 -> 185.7 | G83: 857.5 | H83: 1153.6 | I83: 1 | J83: =49.9*77.5/100 -> 38.6725 | K83: =J83*$K$2 -> 59.168925 | L83: =263.6*95.9/100*$L$2 -> 318.51842 | M83: =72.8*85.1/100*$M$2 -> 80.53864 | N83: =K83*D83/1000 -> 43.193315 | O83: =L83*E83/1000 -> 30.577769 | P83: =M83*F83/1000 -> 14.956025 | Q83: =SUM(N83:P83) -> 88.727109 | R83: =TIMEVALUE(C83) -> 0.67708333 | S83: =DATEVALUE(A83)-MIN($A$3:$A$68) -> 45331 | T83: =R83*86400 -> 58500 | U83: =S83-MIN($S$3:$S$68) -> 109 | V83: =U83*86400 -> 9417600 | W83: =V83+T83 -> 9476100 | X83: =W83-$R$2 -> 9256500 | Y83: =E83 -> 96 | Z83: =D83 -> 730
A84: 12/02/2024 | B84: 11:45 | C84: =TEXT(DATEVALUE(A84) + TIMEVALUE(B84), "gg-mm-aaaa hh:mm") -> 12-02-2024 11:45 | D84: 486 | E84: 64 | F84: =H83-G84 -> 242.9 | G84: 910.7 | H84: 1125 | I84: 1 | J84: =49.9*77.5/100 -> 38.6725 | K84: =J84*$K$2 -> 59.168925 | L84: =263.6*95.9/100*$L$2 -> 318.51842 | M84: =72.8*85.1/100*$M$2 -> 80.53864 | N84: =K84*D84/1000 -> 28.756098 | O84: =L84*E84/1000 -> 20.385179 | P84: =M84*F84/1000 -> 19.562836 | Q84: =SUM(N84:P84) -> 68.704112 | R84: =TIMEVALUE(C84) -> 0.48958333 | S84: =DATEVALUE(A84)-MIN($A$3:$A$68) -> 45334 | T84: =R84*86400 -> 42300 | U84: =S84-MIN($S$3:$S$68) -> 112 | V84: =U84*86400 -> 9676800 | W84: =V84+T84 -> 9719100 | X84: =W84-$R$2 -> 9499500 | Y84: =E84 -> 64 | Z84: =D84 -> 486
A85: 14/02/2024 | B85: 15:00 | C85: =TEXT(DATEVALUE(A85) + TIMEVALUE(B85), "gg-mm-aaaa hh:mm") -> 14-02-2024 15:00 | D85: 486 | E85: 64 | F85: =H84-G85 -> 184 | G85: 941 | H85: 1077.4 | I85: 1 | J85: =49.9*77.5/100 -> 38.6725 | K85: =J85*$K$2 -> 59.168925 | L85: =263.6*95.9/100*$L$2 -> 318.51842 | M85: =72.8*85.1/100*$M$2 -> 80.53864 | N85: =K85*D85/1000 -> 28.756098 | O85: =L85*E85/1000 -> 20.385179 | P85: =M85*F85/1000 -> 14.81911 | Q85: =SUM(N85:P85) -> 63.960386 | R85: =TIMEVALUE(C85) -> 0.625 | S85: =DATEVALUE(A85)-MIN($A$3:$A$68) -> 45336 | T85: =R85*86400 -> 54000 | U85: =S85-MIN($S$3:$S$68) -> 114 | V85: =U85*86400 -> 9849600 | W85: =V85+T85 -> 9903600 | X85: =W85-$R$2 -> 9684000 | Y85: =E85 -> 64 | Z85: =D85 -> 486
A86: 16/02/2024 | B86: 15:30 | C86: =TEXT(DATEVALUE(A86) + TIMEVALUE(B86), "gg-mm-aaaa hh:mm") -> 16-02-2024 15:30 | D86: 730 | E86: 96 | F86: =H85-G86 -> 171.1 | G86: 906.3 | H86: 1192.8 | I86: 1 | J86: =49.9*77.5/100 -> 38.6725 | K86: =J86*$K$2 -> 59.168925 | L86: =263.6*95.9/100*$L$2 -> 318.51842 | M86: =72.8*85.1/100*$M$2 -> 80.53864 | N86: =K86*D86/1000 -> 43.193315 | O86: =L86*E86/1000 -> 30.577769 | P86: =M86*F86/1000 -> 13.780161 | Q86: =SUM(N86:P86) -> 87.551245 | R86: =TIMEVALUE(C86) -> 0.64583333 | S86: =DATEVALUE(A86)-MIN($A$3:$A$68) -> 45338 | T86: =R86*86400 -> 55800 | U86: =S86-MIN($S$3:$S$68) -> 116 | V86: =U86*86400 -> 10022400 | W86: =V86+T86 -> 10078200 | X86: =W86-$R$2 -> 9858600 | Y86: =E86 -> 96 | Z86: =D86 -> 730
A87: 19/02/2024 | B87: 15:00 | C87: =TEXT(DATEVALUE(A87) + TIMEVALUE(B87), "gg-mm-aaaa hh:mm") -> 19-02-2024 15:00 | D87: 486 | E87: 64 | F87: =H86-G87 -> 257.5 | G87: 935.3 | H87: 1054.3 | I87: 1 | J87: =45.2*77.5/100 -> 35.03 | K87: =J87*$K$2 -> 53.5959 | L87: =263.6*95.9/100*$L$2 -> 318.51842 | M87: =72.8*85.1/100*$M$2 -> 80.53864 | N87: =K87*D87/1000 -> 26.047607 | O87: =L87*E87/1000 -> 20.385179 | P87: =M87*F87/1000 -> 20.7387 | Q87: =SUM(N87:P87) -> 67.171486 | R87: =TIMEVALUE(C87) -> 0.625 | S87: =DATEVALUE(A87)-MIN($A$3:$A$68) -> 45341 | T87: =R87*86400 -> 54000 | U87: =S87-MIN($S$3:$S$68) -> 119 | V87: =U87*86400 -> 10281600 | W87: =V87+T87 -> 10335600 | X87: =W87-$R$2 -> 10116000 | Y87: =E87 -> 64 | Z87: =D87 -> 486
A88: 21/02/2024 | B88: 13:15 | C88: =TEXT(DATEVALUE(A88) + TIMEVALUE(B88), "gg-mm-aaaa hh:mm") -> 21-02-2024 13:15 | D88: 486 | E88: 64 | F88: =H87-G88 -> 170.5 | G88: 883.8 | H88: 1108.7 | I88: 1 | J88: =45.2*77.5/100 -> 35.03 | K88: =J88*$K$2 -> 53.5959 | L88: =263.6*95.9/100*$L$2 -> 318.51842 | M88: =72.8*85.1/100*$M$2 -> 80.53864 | N88: =K88*D88/1000 -> 26.047607 | O88: =L88*E88/1000 -> 20.385179 | P88: =M88*F88/1000 -> 13.731838 | Q88: =SUM(N88:P88) -> 60.164625 | R88: =TIMEVALUE(C88) -> 0.55208333 | S88: =DATEVALUE(A88)-MIN($A$3:$A$68) -> 45343 | T88: =R88*86400 -> 47700 | U88: =S88-MIN($S$3:$S$68) -> 121 | V88: =U88*86400 -> 10454400 | W88: =V88+T88 -> 10502100 | X88: =W88-$R$2 -> 10282500 | Y88: =E88 -> 64 | Z88: =D88 -> 486
A89: 23/02/2024 | B89: 15:00 | C89: =TEXT(DATEVALUE(A89) + TIMEVALUE(B89), "gg-mm-aaaa hh:mm") -> 23-02-2024 15:00 | D89: 730 | E89: 96 | F89: =H88-G89 -> 36.6 | G89: 1072.1 | H89: Tra 21/02 e 23/02 R1 non ha mangiato…pompe non hanno funzionato. FINE RAMPA | I89: 1 | J89: =45.2*77.5/100 -> 35.03 | K89: =J89*$K$2 -> 53.5959 | L89: =263.6*95.9/100*$L$2 -> 318.51842 | M89: =72.8*85.1/100*$M$2 -> 80.53864 | N89: =K89*D89/1000 -> 39.125007 | O89: =L89*E89/1000 -> 30.577769 | P89: =M89*F89/1000 -> 2.9477142 | Q89: =SUM(N89:P89) -> 72.65049 | R89: =TIMEVALUE(C89) -> 0.625 | S89: =DATEVALUE(A89)-MIN($A$3:$A$68) -> 45345 | T89: =R89*86400 -> 54000 | U89: =S89-MIN($S$3:$S$68) -> 123 | V89: =U89*86400 -> 10627200 | W89: =V89+T89 -> 10681200 | X89: =W89-$R$2 -> 10461600 | Y89: =E89 -> 96 | Z89: =D89 -> 730
A90: 26/02/2024 | B90: 14:20 | C90: =TEXT(DATEVALUE(A90) + TIMEVALUE(B90), "gg-mm-aaaa hh:mm") -> 26-02-2024 14:20 | D90: 486 | E90: 64 | F90: 250 | G90: 1064.5 | H90: 1193 | I90: 1 | J90: =45.2*77.5/100 -> 35.03 | K90: =J90*$K$2 -> 53.5959 | L90: =263.6*95.9/100*$L$2 -> 318.51842 | M90: =72.8*85.1/100*$M$2 -> 80.53864 | N90: =K90*D90/1000 -> 26.047607 | O90: =L90*E90/1000 -> 20.385179 | P90: =M90*F90/1000 -> 20.13466 | Q90: =SUM(N90:P90) -> 66.567447 | R90: =TIMEVALUE(C90) -> 0.59722222 | S90: =DATEVALUE(A90)-MIN($A$3:$A$68) -> 45348 | T90: =R90*86400 -> 51600 | U90: =S90-MIN($S$3:$S$68) -> 126 | V90: =U90*86400 -> 10886400 | W90: =V90+T90 -> 10938000 | X90: =W90-$R$2 -> 10718400 | Y90: =E90 -> 64 | Z90: =D90 -> 486
A91: 28/02/2024 | B91: 15:00 | C91: =TEXT(DATEVALUE(A91) + TIMEVALUE(B91), "gg-mm-aaaa hh:mm") -> 28-02-2024 15:00 | D91: 486 | E91: 64 | F91: =H90-G91 -> 179.05 | G91: 1013.95 | H91: 1342.1 | I91: 1 | J91: =45.2*77.5/100 -> 35.03 | K91: =J91*$K$2 -> 53.5959 | L91: =263.6*95.9/100*$L$2 -> 318.51842 | M91: =72.8*85.1/100*$M$2 -> 80.53864 | N91: =K91*D91/1000 -> 26.047607 | O91: =L91*E91/1000 -> 20.385179 | P91: =M91*F91/1000 -> 14.420443 | Q91: =SUM(N91:P91) -> 60.85323 | R91: =TIMEVALUE(C91) -> 0.625 | S91: =DATEVALUE(A91)-MIN($A$3:$A$68) -> 45350 | T91: =R91*86400 -> 54000 | U91: =S91-MIN($S$3:$S$68) -> 128 | V91: =U91*86400 -> 11059200 | W91: =V91+T91 -> 11113200 | X91: =W91-$R$2 -> 10893600 | Y91: =E91 -> 64 | Z91: =D91 -> 486
A92: 1/03/2024 | B92: 17:00 | C92: =TEXT(DATEVALUE(A92) + TIMEVALUE(B92), "gg-mm-aaaa hh:mm") -> 01-03-2024 17:00 | D92: 730 | E92: 96 | F92: =H91-G92 -> 185.92 | G92: 1156.18 | H92: 1304.82 | I92: 1 | J92: =77.7*82/100 -> 63.714 | K92: =J92*$K$2 -> 97.48242 | L92: =263.6*95.9/100*$L$2 -> 318.51842 | M92: =72.8*85.1/100*$M$2 -> 80.53864 | N92: =K92*D92/1000 -> 71.162167 | O92: =L92*E92/1000 -> 30.577769 | P92: =M92*F92/1000 -> 14.973744 | Q92: =SUM(N92:P92) -> 116.71368 | R92: =TIMEVALUE(C92) -> 0.70833333 | S92: =DATEVALUE(A92)-MIN($A$3:$A$68) -> 45352 | T92: =R92*86400 -> 61200 | U92: =S92-MIN($S$3:$S$68) -> 130 | V92: =U92*86400 -> 11232000 | W92: =V92+T92 -> 11293200 | X92: =W92-$R$2 -> 11073600 | Y92: =E92 -> 96 | Z92: =D92 -> 730
A93: 4/03/2024 | B93: 11:30 | C93: =TEXT(DATEVALUE(A93) + TIMEVALUE(B93), "gg-mm-aaaa hh:mm") -> 04-03-2024 11:30 | D93: 486 | E93: 64 | F93: =H92-G93 -> 253.86 | G93: 1050.96 | H93: 1277 | I93: 1 | J93: =77.7*82/100 -> 63.714 | K93: =J93*$K$2 -> 97.48242 | L93: =263.6*95.9/100*$L$2 -> 318.51842 | M93: =72.8*85.1/100*$M$2 -> 80.53864 | N93: =K93*D93/1000 -> 47.376456 | O93: =L93*E93/1000 -> 20.385179 | P93: =M93*F93/1000 -> 20.445539 | Q93: =SUM(N93:P93) -> 88.207174 | R93: =TIMEVALUE(C93) -> 0.47916667 | S93: =DATEVALUE(A93)-MIN($A$3:$A$68) -> 45355 | T93: =R93*86400 -> 41400 | U93: =S93-MIN($S$3:$S$68) -> 133 | V93: =U93*86400 -> 11491200 | W93: =V93+T93 -> 11532600 | X93: =W93-$R$2 -> 11313000 | Y93: =E93 -> 64 | Z93: =D93 -> 486
A94: 6/03/2024 | B94: 16:30 | C94: =TEXT(DATEVALUE(A94) + TIMEVALUE(B94), "gg-mm-aaaa hh:mm") -> 06-03-2024 16:30 | D94: 486 | E94: 64 | F94: =H93-G94 -> 189.3 | G94: 1087.7 | H94: 1127 | I94: 1 | J94: =77.7*82/100 -> 63.714 | K94: =J94*$K$2 -> 97.48242 | L94: =263.6*95.9/100*$L$2 -> 318.51842 | M94: =72.8*85.1/100*$M$2 -> 80.53864 | N94: =K94*D94/1000 -> 47.376456 | O94: =L94*E94/1000 -> 20.385179 | P94: =M94*F94/1000 -> 15.245965 | Q94: =SUM(N94:P94) -> 83.0076 | R94: =TIMEVALUE(C94) -> 0.6875 | S94: =DATEVALUE(A94)-MIN($A$3:$A$68) -> 45357 | T94: =R94*86400 -> 59400 | U94: =S94-MIN($S$3:$S$68) -> 135 | V94: =U94*86400 -> 11664000 | W94: =V94+T94 -> 11723400 | X94: =W94-$R$2 -> 11503800 | Y94: =E94 -> 64 | Z94: =D94 -> 486
A95: 8/03/2024 | B95: 16:00 | C95: =TEXT(DATEVALUE(A95) + TIMEVALUE(B95), "gg-mm-aaaa hh:mm") -> 08-03-2024 16:00 | D95: 730 | E95: 96 | F95: =H94-G95 -> 180.5 | G95: 946.5 | H95: 1114.5 | I95: 1 | J95: =77.7*82/100 -> 63.714 | K95: =J95*$K$2 -> 97.48242 | L95: =263.6*95.9/100*$L$2 -> 318.51842 | M95: =72.8*85.1/100*$M$2 -> 80.53864 | N95: =K95*D95/1000 -> 71.162167 | O95: =L95*E95/1000 -> 30.577769 | P95: =M95*F95/1000 -> 14.537225 | Q95: =SUM(N95:P95) -> 116.27716 | R95: =TIMEVALUE(C95) -> 0.66666667 | S95: =DATEVALUE(A95)-MIN($A$3:$A$68) -> 45359 | T95: =R95*86400 -> 57600 | U95: =S95-MIN($S$3:$S$68) -> 137 | V95: =U95*86400 -> 11836800 | W95: =V95+T95 -> 11894400 | X95: =W95-$R$2 -> 11674800 | Y95: =E95 -> 96 | Z95: =D95 -> 730
A96: 11/03/2024 | B96: 11:30 | C96: =TEXT(DATEVALUE(A96) + TIMEVALUE(B96), "gg-mm-aaaa hh:mm") -> 11-03-2024 11:30 | D96: 486 | E96: 64 | F96: =H95-G96 -> 228 | G96: 886.5 | H96: 1136 | I96: 1 | J96: =77.7*82/100 -> 63.714 | K96: =J96*$K$2 -> 97.48242 | L96: =263.6*95.9/100*$L$2 -> 318.51842 | M96: =72.8*85.1/100*$M$2 -> 80.53864 | N96: =K96*D96/1000 -> 47.376456 | O96: =L96*E96/1000 -> 20.385179 | P96: =M96*F96/1000 -> 18.36281 | Q96: =SUM(N96:P96) -> 86.124445 | R96: =TIMEVALUE(C96) -> 0.47916667 | S96: =DATEVALUE(A96)-MIN($A$3:$A$68) -> 45362 | T96: =R96*86400 -> 41400 | U96: =S96-MIN($S$3:$S$68) -> 140 | V96: =U96*86400 -> 12096000 | W96: =V96+T96 -> 12137400 | X96: =W96-$R$2 -> 11917800 | Y96: =E96 -> 64 | Z96: =D96 -> 486
A97: 13/03/2024 | B97: 13:00 | C97: =TEXT(DATEVALUE(A97) + TIMEVALUE(B97), "gg-mm-aaaa hh:mm") -> 13-03-2024 13:00 | D97: 486 | E97: 64 | F97: =H96-G97 -> 157 | G97: 979 | H97: 1114.85 | I97: 1 | J97: =77.7*82/100 -> 63.714 | K97: =J97*$K$2 -> 97.48242 | L97: =263.6*95.9/100*$L$2 -> 318.51842 | M97: =72.8*85.1/100*$M$2 -> 80.53864 | N97: =K97*D97/1000 -> 47.376456 | O97: =L97*E97/1000 -> 20.385179 | P97: =M97*F97/1000 -> 12.644566 | Q97: =SUM(N97:P97) -> 80.406202 | R97: =TIMEVALUE(C97) -> 0.54166667 | S97: =DATEVALUE(A97)-MIN($A$3:$A$68) -> 45364 | T97: =R97*86400 -> 46800 | U97: =S97-MIN($S$3:$S$68) -> 142 | V97: =U97*86400 -> 12268800 | W97: =V97+T97 -> 12315600 | X97: =W97-$R$2 -> 12096000 | Y97: =E97 -> 64 | Z97: =D97 -> 486
A98: 15/03/2024 | B98: 13:00 | C98: =TEXT(DATEVALUE(A98) + TIMEVALUE(B98), "gg-mm-aaaa hh:mm") -> 15-03-2024 13:00 | D98: 730 | E98: 96 | F98: =H97-G98 -> 157.15 | G98: 957.7 | H98: 1107.8 | I98: 1 | J98: =77.7*82/100 -> 63.714 | K98: =J98*$K$2 -> 97.48242 | L98: =293*95.9/100*$L$2 -> 354.04362 | M98: =72.8*85.1/100*$M$2 -> 80.53864 | N98: =K98*D98/1000 -> 71.162167 | O98: =L98*E98/1000 -> 33.988188 | P98: =M98*F98/1000 -> 12.656647 | Q98: =SUM(N98:P98) -> 117.807 | R98: =TIMEVALUE(C98) -> 0.54166667 | S98: =DATEVALUE(A98)-MIN($A$3:$A$68) -> 45366 | T98: =R98*86400 -> 46800 | U98: =S98-MIN($S$3:$S$68) -> 144 | V98: =U98*86400 -> 12441600 | W98: =V98+T98 -> 12488400 | X98: =W98-$R$2 -> 12268800 | Y98: =E98 -> 96 | Z98: =D98 -> 730
A99: 18/03/2024 | B99: 14:30 | C99: =TEXT(DATEVALUE(A99) + TIMEVALUE(B99), "gg-mm-aaaa hh:mm") -> 18-03-2024 14:30 | D99: 486 | E99: 64 | F99: =H98-G99 -> 252.35 | G99: 855.45 | H99: 999.4 | I99: 1 | J99: =77.7*82/100 -> 63.714 | K99: =J99*$K$2 -> 97.48242 | L99: =293*95.9/100*$L$2 -> 354.04362 | M99: =72.8*85.1/100*$M$2 -> 80.53864 | N99: =K99*D99/1000 -> 47.376456 | O99: =L99*E99/1000 -> 22.658792 | P99: =M99*F99/1000 -> 20.323926 | Q99: =SUM(N99:P99) -> 90.359174 | R99: =TIMEVALUE(C99) -> 0.60416667 | S99: =DATEVALUE(A99)-MIN($A$3:$A$68) -> 45369 | T99: =R99*86400 -> 52200 | U99: =S99-MIN($S$3:$S$68) -> 147 | V99: =U99*86400 -> 12700800 | W99: =V99+T99 -> 12753000 | X99: =W99-$R$2 -> 12533400 | Y99: =E99 -> 64 | Z99: =D99 -> 486
A100: 20/03/2024 | B100: 12:30 | C100: =TEXT(DATEVALUE(A100) + TIMEVALUE(B100), "gg-mm-aaaa hh:mm") -> 20-03-2024 12:30 | D100: 0 | E100: 0 | F100: =H99-G100 -> 171.71 | G100: 827.69 | I100: 1 | J100: =77.7*82/100 -> 63.714 | K100: =J100*$K$2 -> 97.48242 | L100: =293*95.9/100*$L$2 -> 354.04362 | M100: =72.8*85.1/100*$M$2 -> 80.53864 | N100: =K100*D100/1000 -> 0 | O100: =L100*E100/1000 -> 0 | P100: =M100*F100/1000 -> 13.82929 | Q100: =SUM(N100:P100) -> 13.82929 | R100: =TIMEVALUE(C100) -> 0.52083333 | S100: =DATEVALUE(A100)-MIN($A$3:$A$68) -> 45371 | T100: =R100*86400 -> 45000 | U100: =S100-MIN($S$3:$S$68) -> 149 | V100: =U100*86400 -> 12873600 | W100: =V100+T100 -> 12918600 | X100: =W100-$R$2 -> 12699000 | Y100: =E100 -> 0 | Z100: =D100 -> 0
...

Sheet R2 feed
A1: Data | B1: Time | C1: Timestamp | D1: Slurry | E1: Maize | F1: Tomato | G1: Tomato bottle weight | H1: Note | I1: pHs | J1: Slurry VS | K1: Slurry S_COD | L1: Maize S_COD | M1: Tomato S_COD | N1: Slurry COD | O1: Maize COD | P1: Tomato COD | Q1: COD_in | R1: Start Modelica Timestamp
D2: [g] | E2: [g] | F2: [g] | K2: 1.53 | L2: 1.26 | M2: 1.3 | R2: =86400*2+13*3600 -> 219600 | V2: Devo aggiungere 0?
A3: 23/10/2023 | B3: 11:00 | C3: =TEXT(DATEVALUE(A3) + TIMEVALUE(B3), "gg-mm-aaaa hh:mm") -> 23-10-2023 11:00 | D3: =243*2 -> 486 | E3: =61*2 -> 122 | F3: 0 | H3: Betweeen 11:00 and 11:40. Mixture of maize and slurry. Clogging of the channel that has been built to prevent for gas leakages. Maybe better to insert maize silage prior slurry. Today the channel was removed, mixing stopped and the mixture inserted directly in the steel funnel. Probably 1% of the mixture has been lost in dirtiness of tools during injection. Forgot to close gas valve before discharge. I closed it at half of the feeding. | I3: 1 | J3: =66.4*79.5/100 -> 52.788 | K3: =J3*$K$2 -> 80.76564 | L3: =267.7*95.9/100*$L$2 -> 323.47262 | M3: =72.8*85.1/100*$M$2 -> 80.53864 | N3: =K3*D3/1000 -> 39.252101 | O3: =L3*E3/1000 -> 39.463659 | P3: =M3*F3/1000 -> 0 | Q3: =SUM(N3:P3) -> 78.71576 | R3: =TIMEVALUE(C3) -> 0.45833333 | S3: =DATEVALUE(A3)-MIN($A$3:$A$68) -> 45222 | T3: =R3*86400 -> 39600 | U3: =S3-MIN($S$3:$S$68) -> 0 | V3: =U3*86400 -> 0 | W3: =V3+T3 -> 39600 | X3: =W3-$R$2 -> -180000 | Y3: =E3 -> 122 | Z3: =D3 -> 486 | AA3: 96
A4: 23/10/2023 | B4: 11:00 | C4: =TEXT(DATEVALUE(A4) + TIMEVALUE(B4), "gg-mm-aaaa hh:mm") -> 23-10-2023 11:00 | J4: =66.4*79.5/100 -> 52.788 | K4: =J4*$K$2 -> 80.76564 | L4: =267.7*95.9/100*$L$2 -> 323.47262 | M4: =72.8*85.1/100*$M$2 -> 80.53864 | N4: =K4*D4/1000 -> 0 | O4: =L4*E4/1000 -> 0 | P4: =M4*F4/1000 -> 0 | Q4: =SUM(N4:P4) -> 0 | R4: =TIMEVALUE(C4) -> 0.45833333 | S4: =DATEVALUE(A4)-MIN($A$3:$A$68) -> 45222 | T4: =R4*86400 -> 39600 | U4: =S4-MIN($S$3:$S$68) -> 0 | V4: =U4*86400 -> 0 | W4: =V4+T4 -> 39600 | X4: =W4-$R$2 -> -180000 | Y4: =E4 -> 0 | Z4: =D4 -> 0 | AA4: 96
A5: 25/10/2023 | B5: 11:15 | C5: =TEXT(DATEVALUE(A5) + TIMEVALUE(B5), "gg-mm-aaaa hh:mm") -> 25-10-2023 11:15 | D5: =243*2 -> 486 | E5: =61*2 -> 122 | F5: 0 | H5: Closed the valve but still peaks | I5: 1 | J5: =66.4*79.5/100 -> 52.788 | K5: =J5*$K$2 -> 80.76564 | L5: =267.7*95.9/100*$L$2 -> 323.47262 | M5: =72.8*85.1/100*$M$2 -> 80.53864 | N5: =K5*D5/1000 -> 39.252101 | O5: =L5*E5/1000 -> 39.463659 | P5: =M5*F5/1000 -> 0 | Q5: =SUM(N5:P5) -> 78.71576 | R5: =TIMEVALUE(C5) -> 0.46875 | S5: =DATEVALUE(A5)-MIN($A$3:$A$68) -> 45224 | T5: =R5*86400 -> 40500 | U5: =S5-MIN($S$3:$S$68) -> 2 | V5: =U5*86400 -> 172800 | W5: =V5+T5 -> 213300 | X5: =W5-$R$2 -> -6300 | Y5: =E5 -> 122 | Z5: =D5 -> 486 | AA5: 96
A6: 25/10/2023 | B6: 12:07 | C6: =TEXT(DATEVALUE(A6) + TIMEVALUE(B6), "gg-mm-aaaa hh:mm") -> 25-10-2023 12:07 | F6: 0 | H6: Start tomato sauce at 12:07. Bottle of tomato of 600 mL. Set for 6 second every 15 minutes > 4 feedings until 13:07 (96 mL/day). Changed it to 1 min/2.5hours (see notebook for reason). Start weight of the bottle 1280.86 g | J6: =66.4*79.5/100 -> 52.788 | K6: =J6*$K$2 -> 80.76564 | L6: =267.7*95.9/100*$L$2 -> 323.47262 | M6: =72.8*85.1/100*$M$2 -> 80.53864 | N6: =K6*D6/1000 -> 0 | O6: =L6*E6/1000 -> 0 | P6: =M6*F6/1000 -> 0 | Q6: =SUM(N6:P6) -> 0 | R6: =TIMEVALUE(C6) -> 0.50486111 | S6: =DATEVALUE(A6)-MIN($A$3:$A$68) -> 45224 | T6: =R6*86400 -> 43620 | U6: =S6-MIN($S$3:$S$68) -> 2 | V6: =U6*86400 -> 172800 | W6: =V6+T6 -> 216420 | X6: =W6-$R$2 -> -3180 | Y6: =E6 -> 0 | Z6: =D6 -> 0 | AA6: 96
A7: 25/10/2023 | B7: 13:07 | C7: =TEXT(DATEVALUE(A7) + TIMEVALUE(B7), "gg-mm-aaaa hh:mm") -> 25-10-2023 13:07 | F7: =6*4*0.16666667 -> 4.0000001 | J7: =66.4*79.5/100 -> 52.788 | K7: =J7*$K$2 -> 80.76564 | L7: =267.7*95.9/100*$L$2 -> 323.47262 | M7: =72.8*85.1/100*$M$2 -> 80.53864 | N7: =K7*D7/1000 -> 0 | O7: =L7*E7/1000 -> 0 | P7: =M7*F7/1000 -> 0.32215457 | Q7: =SUM(N7:P7) -> 0.32215457 | R7: =TIMEVALUE(C7) -> 0.54652778 | S7: =DATEVALUE(A7)-MIN($A$3:$A$68) -> 45224 | T7: =R7*86400 -> 47220 | U7: =S7-MIN($S$3:$S$68) -> 2 | V7: =U7*86400 -> 172800 | W7: =V7+T7 -> 220020 | X7: =W7-$R$2 -> 420 | Y7: =E7 -> 0 | Z7: =D7 -> 0 | AA7: 96
A8: 25/10/2023 | B8: 13:30 | C8: =TEXT(DATEVALUE(A8) + TIMEVALUE(B8), "gg-mm-aaaa hh:mm") -> 25-10-2023 13:30 | F8: =10 -> 10 | H8: Erronous small feed becouse pumps started when switched from steady to automatic (I wanted to guarantee mixing right after the feeding): around 5 mL | J8: =66.4*79.5/100 -> 52.788 | K8: =J8*$K$2 -> 80.76564 | L8: =267.7*95.9/100*$L$2 -> 323.47262 | M8: =72.8*85.1/100*$M$2 -> 80.53864 | N8: =K8*D8/1000 -> 0 | O8: =L8*E8/1000 -> 0 | P8: =M8*F8/1000 -> 0.8053864 | Q8: =SUM(N8:P8) -> 0.8053864 | R8: =TIMEVALUE(C8) -> 0.5625 | S8: =DATEVALUE(A8)-MIN($A$3:$A$68) -> 45224 | T8: =R8*86400 -> 48600 | U8: =S8-MIN($S$3:$S$68) -> 2 | V8: =U8*86400 -> 172800 | W8: =V8+T8 -> 221400 | X8: =W8-$R$2 -> 1800 | Y8: =E8 -> 0 | Z8: =D8 -> 0 | AA8: 96
A9: 25/10/2023 | B9: 13:40 | C9: =TEXT(DATEVALUE(A9) + TIMEVALUE(B9), "gg-mm-aaaa hh:mm") -> 25-10-2023 13:40 | F9: =5 -> 5 | J9: =66.4*79.5/100 -> 52.788 | K9: =J9*$K$2 -> 80.76564 | L9: =267.7*95.9/100*$L$2 -> 323.47262 | M9: =72.8*85.1/100*$M$2 -> 80.53864 | N9: =K9*D9/1000 -> 0 | O9: =L9*E9/1000 -> 0 | P9: =M9*F9/1000 -> 0.4026932 | Q9: =SUM(N9:P9) -> 0.4026932 | R9: =TIMEVALUE(C9) -> 0.56944444 | S9: =DATEVALUE(A9)-MIN($A$3:$A$68) -> 45224 | T9: =R9*86400 -> 49200 | U9: =S9-MIN($S$3:$S$68) -> 2 | V9: =U9*86400 -> 172800 | W9: =V9+T9 -> 222000 | X9: =W9-$R$2 -> 2400 | Y9: =E9 -> 0 | Z9: =D9 -> 0 | AA9: 96
A10: 25/10/2023 | B10: 15:03 | C10: =TEXT(DATEVALUE(A10) + TIMEVALUE(B10), "gg-mm-aaaa hh:mm") -> 25-10-2023 15:03 | F10: =60*0.166667 -> 10.00002 | J10: =66.4*79.5/100 -> 52.788 | K10: =J10*$K$2 -> 80.76564 | L10: =267.7*95.9/100*$L$2 -> 323.47262 | M10: =72.8*85.1/100*$M$2 -> 80.53864 | N10: =K10*D10/1000 -> 0 | O10: =L10*E10/1000 -> 0 | P10: =M10*F10/1000 -> 0.80538801 | Q10: =SUM(N10:P10) -> 0.80538801 | R10: =TIMEVALUE(C10) -> 0.62708333 | S10: =DATEVALUE(A10)-MIN($A$3:$A$68) -> 45224 | T10: =R10*86400 -> 54180 | U10: =S10-MIN($S$3:$S$68) -> 2 | V10: =U10*86400 -> 172800 | W10: =V10+T10 -> 226980 | X10: =W10-$R$2 -> 7380 | Y10: =E10 -> 0 | Z10: =D10 -> 0 | AA10: 96
A11: 25/10/2023 | B11: 16:33 | C11: =TEXT(DATEVALUE(A11) + TIMEVALUE(B11), "gg-mm-aaaa hh:mm") -> 25-10-2023 16:33 | F11: =60*0.166667 -> 10.00002 | H11: I set it wrong: 1 min/1.5 hours. Now modified. From now on R1 and R2 are going to be mixed and fed with tomato almost at the same timestamp | J11: =66.4*79.5/100 -> 52.788 | K11: =J11*$K$2 -> 80.76564 | L11: =267.7*95.9/100*$L$2 -> 323.47262 | M11: =72.8*85.1/100*$M$2 -> 80.53864 | N11: =K11*D11/1000 -> 0 | O11: =L11*E11/1000 -> 0 | P11: =M11*F11/1000 -> 0.80538801 | Q11: =SUM(N11:P11) -> 0.80538801 | R11: =TIMEVALUE(C11) -> 0.68958333 | S11: =DATEVALUE(A11)-MIN($A$3:$A$68) -> 45224 | T11: =R11*86400 -> 59580 | U11: =S11-MIN($S$3:$S$68) -> 2 | V11: =U11*86400 -> 172800 | W11: =V11+T11 -> 232380 | X11: =W11-$R$2 -> 12780 | Y11: =E11 -> 0 | Z11: =D11 -> 0 | AA11: 96
A12: 27/10/2023 | B12: 10:50 | C12: =TEXT(DATEVALUE(A12) + TIMEVALUE(B12), "gg-mm-aaaa hh:mm") -> 27-10-2023 10:50 | D12: 730 | E12: 183 | F12: 0 | H12: we didnt feed the tomato bottle since the level was above 300ml | I12: 1 | J12: =66.4*79.5/100 -> 52.788 | K12: =J12*$K$2 -> 80.76564 | L12: =267.7*95.9/100*$L$2 -> 323.47262 | M12: =72.8*85.1/100*$M$2 -> 80.53864 | N12: =K12*D12/1000 -> 58.958917 | O12: =L12*E12/1000 -> 59.195489 | P12: =M12*F12/1000 -> 0 | Q12: =SUM(N12:P12) -> 118.15441 | R12: =TIMEVALUE(C12) -> 0.45138889 | S12: =DATEVALUE(A12)-MIN($A$3:$A$68) -> 45226 | T12: =R12*86400 -> 39000 | U12: =S12-MIN($S$3:$S$68) -> 4 | V12: =U12*86400 -> 345600 | W12: =V12+T12 -> 384600 | X12: =W12-$R$2 -> 165000 | Y12: =E12 -> 183 | Z12: =D12 -> 730 | AA12: 96
A13: 30/10/2023 | B13: 11:15 | C13: =TEXT(DATEVALUE(A13) + TIMEVALUE(B13), "gg-mm-aaaa hh:mm") -> 30-10-2023 11:15 | F13: ? | H13: Acetate spike fed with pumps (480 mL of 50gCOD/L solution). Forgot to weight tomato bottle…MOLD! Pump tubes were not sucking anymore, too low level (don't go below 100 mL) | J13: =66.4*79.5/100 -> 52.788 | K13: =J13*$K$2 -> 80.76564 | L13: =267.7*95.9/100*$L$2 -> 323.47262 | M13: =72.8*85.1/100*$M$2 -> 80.53864 | N13: =K13*D13/1000 -> 0 | O13: =L13*E13/1000 -> 0 | P13: =M13*F13/1000 -> #VALUE! | Q13: =SUM(N13:P13) -> #VALUE! | R13: =TIMEVALUE(C13) -> 0.46875 | S13: =DATEVALUE(A13)-MIN($A$3:$A$68) -> 45229 | T13: =R13*86400 -> 40500 | U13: =S13-MIN($S$3:$S$68) -> 7 | V13: =U13*86400 -> 604800 | W13: =V13+T13 -> 645300 | X13: =W13-$R$2 -> 425700 | Y13: =E13 -> 0 | Z13: =D13 -> 0 | AA13: 96
A14: 03/11/2023 | B14: 10:15 | C14: =TEXT(DATEVALUE(A14) + TIMEVALUE(B14), "gg-mm-aaaa hh:mm") -> 03-11-2023 10:15 | D14: 730 | E14: 183 | F14: 0 | G14: 1143.36 | H14: weight of empty clean tomato bottle:.... FORGOT TO WEIGH IT. the weight of tomato bottle after filling: 1143,36g. PLEASE NOTE that we didnt write down the exact time for feeding but it was between 10:00 ana 10:30 | I14: 1 | J14: =56.6*77.9/100 -> 44.0914 | K14: =J14*$K$2 -> 67.459842 | L14: =267.7*95.9/100*$L$2 -> 323.47262 | M14: =72.8*85.1/100*$M$2 -> 80.53864 | N14: =K14*D14/1000 -> 49.245685 | O14: =L14*E14/1000 -> 59.195489 | P14: =M14*F14/1000 -> 0 | Q14: =SUM(N14:P14) -> 108.44117 | R14: =TIMEVALUE(C14) -> 0.42708333 | S14: =DATEVALUE(A14)-MIN($A$3:$A$68) -> 45233 | T14: =R14*86400 -> 36900 | U14: =S14-MIN($S$3:$S$68) -> 11 | V14: =U14*86400 -> 950400 | W14: =V14+T14 -> 987300 | X14: =W14-$R$2 -> 767700 | Y14: =E14 -> 183 | Z14: =D14 -> 730 | AA14: 96
A15: 06/11/2023 | B15: 10:00 | C15: =TEXT(DATEVALUE(A15) + TIMEVALUE(B15), "gg-mm-aaaa hh:mm") -> 06-11-2023 10:00 | D15: 0 | E15: 0 | F15: =G14-G15 -> 273.86 | G15: 869.5 | H15: Weight bottle tomato 869.50 g | I15: 1 | J15: =56.6*77.9/100 -> 44.0914 | K15: =J15*$K$2 -> 67.459842 | L15: =267.7*95.9/100*$L$2 -> 323.47262 | M15: =72.8*85.1/100*$M$2 -> 80.53864 | N15: =K15*D15/1000 -> 0 | O15: =L15*E15/1000 -> 0 | P15: =M15*F15/1000 -> 22.056312 | Q15: =SUM(N15:P15) -> 22.056312 | R15: =TIMEVALUE(C15) -> 0.41666667 | S15: =DATEVALUE(A15)-MIN($A$3:$A$68) -> 45236 | T15: =R15*86400 -> 36000 | U15: =S15-MIN($S$3:$S$68) -> 14 | V15: =U15*86400 -> 1209600 | W15: =V15+T15 -> 1245600 | X15: =W15-$R$2 -> 1026000 | Y15: =E15 -> 0 | Z15: =D15 -> 0 | AA15: 96
A16: 06/11/2023 | B16: 10:00 | C16: =TEXT(DATEVALUE(A16) + TIMEVALUE(B16), "gg-mm-aaaa hh:mm") -> 06-11-2023 10:00 | G16: 1269.58 | J16: =56.6*77.9/100 -> 44.0914 | K16: =J16*$K$2 -> 67.459842 | L16: =267.7*95.9/100*$L$2 -> 323.47262 | M16: =72.8*85.1/100*$M$2 -> 80.53864 | N16: =K16*D16/1000 -> 0 | O16: =L16*E16/1000 -> 0 | P16: =M16*F16/1000 -> 0 | Q16: =SUM(N16:P16) -> 0 | R16: =TIMEVALUE(C16) -> 0.41666667 | S16: =DATEVALUE(A16)-MIN($A$3:$A$68) -> 45236 | T16: =R16*86400 -> 36000 | U16: =S16-MIN($S$3:$S$68) -> 14 | V16: =U16*86400 -> 1209600 | W16: =V16+T16 -> 1245600 | X16: =W16-$R$2 -> 1026000 | Y16: =E16 -> 0 | Z16: =D16 -> 0 | AA16: 96
A17: 06/11/2023 | B17: 15:15 | C17: =TEXT(DATEVALUE(A17) + TIMEVALUE(B17), "gg-mm-aaaa hh:mm") -> 06-11-2023 15:15 | D17: =243*2 -> 486 | E17: =61*2 -> 122 | F17: 0 | I17: 1 | J17: =56.6*77.9/100 -> 44.0914 | K17: =J17*$K$2 -> 67.459842 | L17: =267.7*95.9/100*$L$2 -> 323.47262 | M17: =72.8*85.1/100*$M$2 -> 80.53864 | N17: =K17*D17/1000 -> 32.785483 | O17: =L17*E17/1000 -> 39.463659 | P17: =M17*F17/1000 -> 0 | Q17: =SUM(N17:P17) -> 72.249143 | R17: =TIMEVALUE(C17) -> 0.63541667 | S17: =DATEVALUE(A17)-MIN($A$3:$A$68) -> 45236 | T17: =R17*86400 -> 54900 | U17: =S17-MIN($S$3:$S$68) -> 14 | V17: =U17*86400 -> 1209600 | W17: =V17+T17 -> 1264500 | X17: =W17-$R$2 -> 1044900 | Y17: =E17 -> 122 | Z17: =D17 -> 486 | AA17: 96
A18: 08/11/2023 | B18: 11:06 | C18: =TEXT(DATEVALUE(A18) + TIMEVALUE(B18), "gg-mm-aaaa hh:mm") -> 08-11-2023 11:06 | D18: 0 | E18: 0 | F18: =G16-G18 -> 177.28 | G18: 1092.3 | I18: 1 | J18: =56.6*77.9/100 -> 44.0914 | K18: =J18*$K$2 -> 67.459842 | L18: =267.7*95.9/100*$L$2 -> 323.47262 | M18: =72.8*85.1/100*$M$2 -> 80.53864 | N18: =K18*D18/1000 -> 0 | O18: =L18*E18/1000 -> 0 | P18: =M18*F18/1000 -> 14.27789 | Q18: =SUM(N18:P18) -> 14.27789 | R18: =TIMEVALUE(C18) -> 0.4625 | S18: =DATEVALUE(A18)-MIN($A$3:$A$68) -> 45238 | T18: =R18*86400 -> 39960 | U18: =S18-MIN($S$3:$S$68) -> 16 | V18: =U18*86400 -> 1382400 | W18: =V18+T18 -> 1422360 | X18: =W18-$R$2 -> 1202760 | Y18: =E18 -> 0 | Z18: =D18 -> 0 | AA18: 96
A19: 08/11/2023 | B19: 11:06 | C19: =TEXT(DATEVALUE(A19) + TIMEVALUE(B19), "gg-mm-aaaa hh:mm") -> 08-11-2023 11:06 | G19: 1129.25 | J19: =56.6*77.9/100 -> 44.0914 | K19: =J19*$K$2 -> 67.459842 | L19: =267.7*95.9/100*$L$2 -> 323.47262 | M19: =72.8*85.1/100*$M$2 -> 80.53864 | N19: =K19*D19/1000 -> 0 | O19: =L19*E19/1000 -> 0 | P19: =M19*F19/1000 -> 0 | Q19: =SUM(N19:P19) -> 0 | R19: =TIMEVALUE(C19) -> 0.4625 | S19: =DATEVALUE(A19)-MIN($A$3:$A$68) -> 45238 | T19: =R19*86400 -> 39960 | U19: =S19-MIN($S$3:$S$68) -> 16 | V19: =U19*86400 -> 1382400 | W19: =V19+T19 -> 1422360 | X19: =W19-$R$2 -> 1202760 | Y19: =E19 -> 0 | Z19: =D19 -> 0 | AA19: 96
A20: 08/11/2023 | B20: 15:00 | C20: =TEXT(DATEVALUE(A20) + TIMEVALUE(B20), "gg-mm-aaaa hh:mm") -> 08-11-2023 15:00 | D20: =243*2 -> 486 | E20: =61*2 -> 122 | F20: 0 | I20: 1 | J20: =56.6*77.9/100 -> 44.0914 | K20: =J20*$K$2 -> 67.459842 | L20: =267.7*95.9/100*$L$2 -> 323.47262 | M20: =72.8*85.1/100*$M$2 -> 80.53864 | N20: =K20*D20/1000 -> 32.785483 | O20: =L20*E20/1000 -> 39.463659 | P20: =M20*F20/1000 -> 0 | Q20: =SUM(N20:P20) -> 72.249143 | R20: =TIMEVALUE(C20) -> 0.625 | S20: =DATEVALUE(A20)-MIN($A$3:$A$68) -> 45238 | T20: =R20*86400 -> 54000 | U20: =S20-MIN($S$3:$S$68) -> 16 | V20: =U20*86400 -> 1382400 | W20: =V20+T20 -> 1436400 | X20: =W20-$R$2 -> 1216800 | Y20: =E20 -> 122 | Z20: =D20 -> 486 | AA20: 96
A21: 08/11/2023 | B21: 17:00 | C21: =TEXT(DATEVALUE(A21) + TIMEVALUE(B21), "gg-mm-aaaa hh:mm") -> 08-11-2023 17:00 | D21: 0 | E21: 0 | F21: =G19-G21 -> 15.41 | G21: 1113.84 | I21: 1 | J21: =56.6*77.9/100 -> 44.0914 | K21: =J21*$K$2 -> 67.459842 | L21: =267.7*95.9/100*$L$2 -> 323.47262 | M21: =72.8*85.1/100*$M$2 -> 80.53864 | N21: =K21*D21/1000 -> 0 | O21: =L21*E21/1000 -> 0 | P21: =M21*F21/1000 -> 1.2411004 | Q21: =SUM(N21:P21) -> 1.2411004 | R21: =TIMEVALUE(C21) -> 0.70833333 | S21: =DATEVALUE(A21)-MIN($A$3:$A$68) -> 45238 | T21: =R21*86400 -> 61200 | U21: =S21-MIN($S$3:$S$68) -> 16 | V21: =U21*86400 -> 1382400 | W21: =V21+T21 -> 1443600 | X21: =W21-$R$2 -> 1224000 | Y21: =E21 -> 0 | Z21: =D21 -> 0 | AA21: 96
A22: 10/11/2023 | B22: 09:30 | C22: =TEXT(DATEVALUE(A22) + TIMEVALUE(B22), "gg-mm-aaaa hh:mm") -> 10-11-2023 09:30 | D22: 730 | E22: 183 | F22: 0 | G22: 921.37 | H22: NOTE this is the weight of the tomato bottle before emptying and cleaning | I22: 1 | J22: =56.6*77.9/100 -> 44.0914 | K22: =J22*$K$2 -> 67.459842 | L22: =267.7*95.9/100*$L$2 -> 323.47262 | M22: =72.8*85.1/100*$M$2 -> 80.53864 | N22: =K22*D22/1000 -> 49.245685 | O22: =L22*E22/1000 -> 59.195489 | P22: =M22*F22/1000 -> 0 | Q22: =SUM(N22:P22) -> 108.44117 | R22: =TIMEVALUE(C22) -> 0.39583333 | S22: =DATEVALUE(A22)-MIN($A$3:$A$68) -> 45240 | T22: =R22*86400 -> 34200 | U22: =S22-MIN($S$3:$S$68) -> 18 | V22: =U22*86400 -> 1555200 | W22: =V22+T22 -> 1589400 | X22: =W22-$R$2 -> 1369800 | Y22: =E22 -> 183 | Z22: =D22 -> 730 | AA22: 96
A23: 10/11/2023 | B23: 11:00 | C23: =TEXT(DATEVALUE(A23) + TIMEVALUE(B23), "gg-mm-aaaa hh:mm") -> 10-11-2023 11:00 | G23: 1189.79 | H23: NOTE: this is the weight of the bottle after emptying, cleaning and disinfecting and refilling with tomato | J23: =56.6*77.9/100 -> 44.0914 | K23: =J23*$K$2 -> 67.459842 | L23: =267.7*95.9/100*$L$2 -> 323.47262 | M23: =72.8*85.1/100*$M$2 -> 80.53864 | N23: =K23*D23/1000 -> 0 | O23: =L23*E23/1000 -> 0 | P23: =M23*F23/1000 -> 0 | Q23: =SUM(N23:P23) -> 0 | R23: =TIMEVALUE(C23) -> 0.45833333 | S23: =DATEVALUE(A23)-MIN($A$3:$A$68) -> 45240 | T23: =R23*86400 -> 39600 | U23: =S23-MIN($S$3:$S$68) -> 18 | V23: =U23*86400 -> 1555200 | W23: =V23+T23 -> 1594800 | X23: =W23-$R$2 -> 1375200 | Y23: =E23 -> 0 | Z23: =D23 -> 0 | AA23: 96
A24: 13/11/2023 | B24: 10:15 | C24: =TEXT(DATEVALUE(A24) + TIMEVALUE(B24), "gg-mm-aaaa hh:mm") -> 13-11-2023 10:15 | D24: 0 | E24: 0 | F24: =G23-G24 -> 248.29 | G24: 941.5 | I24: 1 | J24: =56.6*77.9/100 -> 44.0914 | K24: =J24*$K$2 -> 67.459842 | L24: =267.7*95.9/100*$L$2 -> 323.47262 | M24: =72.8*85.1/100*$M$2 -> 80.53864 | N24: =K24*D24/1000 -> 0 | O24: =L24*E24/1000 -> 0 | P24: =M24*F24/1000 -> 19.996939 | Q24: =SUM(N24:P24) -> 19.996939 | R24: =TIMEVALUE(C24) -> 0.42708333 | S24: =DATEVALUE(A24)-MIN($A$3:$A$68) -> 45243 | T24: =R24*86400 -> 36900 | U24: =S24-MIN($S$3:$S$68) -> 21 | V24: =U24*86400 -> 1814400 | W24: =V24+T24 -> 1851300 | X24: =W24-$R$2 -> 1631700 | Y24: =E24 -> 0 | Z24: =D24 -> 0 | AA24: 96
A25: 13/11/2023 | B25: 10:15 | C25: =TEXT(DATEVALUE(A25) + TIMEVALUE(B25), "gg-mm-aaaa hh:mm") -> 13-11-2023 10:15 | G25: 1217.44 | J25: =56.6*77.9/100 -> 44.0914 | K25: =J25*$K$2 -> 67.459842 | L25: =267.7*95.9/100*$L$2 -> 323.47262 | M25: =72.8*85.1/100*$M$2 -> 80.53864 | N25: =K25*D25/1000 -> 0 | O25: =L25*E25/1000 -> 0 | P25: =M25*F25/1000 -> 0 | Q25: =SUM(N25:P25) -> 0 | R25: =TIMEVALUE(C25) -> 0.42708333 | S25: =DATEVALUE(A25)-MIN($A$3:$A$68) -> 45243 | T25: =R25*86400 -> 36900 | U25: =S25-MIN($S$3:$S$68) -> 21 | V25: =U25*86400 -> 1814400 | W25: =V25+T25 -> 1851300 | X25: =W25-$R$2 -> 1631700 | Y25: =E25 -> 0 | Z25: =D25 -> 0 | AA25: 96
A26: 13/11/2023 | B26: 12:30 | C26: =TEXT(DATEVALUE(A26) + TIMEVALUE(B26), "gg-mm-aaaa hh:mm") -> 13-11-2023 12:30 | D26: =243*2 -> 486 | E26: =61*2 -> 122 | F26: 0 | I26: 1 | J26: =56.6*77.9/100 -> 44.0914 | K26: =J26*$K$2 -> 67.459842 | L26: =267.7*95.9/100*$L$2 -> 323.47262 | M26: =72.8*85.1/100*$M$2 -> 80.53864 | N26: =K26*D26/1000 -> 32.785483 | O26: =L26*E26/1000 -> 39.463659 | P26: =M26*F26/1000 -> 0 | Q26: =SUM(N26:P26) -> 72.249143 | R26: =TIMEVALUE(C26) -> 0.52083333 | S26: =DATEVALUE(A26)-MIN($A$3:$A$68) -> 45243 | T26: =R26*86400 -> 45000 | U26: =S26-MIN($S$3:$S$68) -> 21 | V26: =U26*86400 -> 1814400 | W26: =V26+T26 -> 1859400 | X26: =W26-$R$2 -> 1639800 | Y26: =E26 -> 122 | Z26: =D26 -> 486 | AA26: 96
A27: 15/11/2023 | B27: 10:00 | C27: =TEXT(DATEVALUE(A27) + TIMEVALUE(B27), "gg-mm-aaaa hh:mm") -> 15-11-2023 10:00 | D27: 0 | E27: 0 | F27: =G25-G27 -> 174.89 | G27: 1042.55 | I27: 1 | J27: =54.9*77.7/100 -> 42.6573 | K27: =J27*$K$2 -> 65.265669 | L27: =267.7*95.9/100*$L$2 -> 323.47262 | M27: =72.8*85.1/100*$M$2 -> 80.53864 | N27: =K27*D27/1000 -> 0 | O27: =L27*E27/1000 -> 0 | P27: =M27*F27/1000 -> 14.085403 | Q27: =SUM(N27:P27) -> 14.085403 | R27: =TIMEVALUE(C27) -> 0.41666667 | S27: =DATEVALUE(A27)-MIN($A$3:$A$68) -> 45245 | T27: =R27*86400 -> 36000 | U27: =S27-MIN($S$3:$S$68) -> 23 | V27: =U27*86400 -> 1987200 | W27: =V27+T27 -> 2023200 | X27: =W27-$R$2 -> 1803600 | Y27: =E27 -> 0 | Z27: =D27 -> 0 | AA27: 96
A28: 15/11/2023 | B28: 10:00 | C28: =TEXT(DATEVALUE(A28) + TIMEVALUE(B28), "gg-mm-aaaa hh:mm") -> 15-11-2023 10:00 | G28: 956.96 | J28: =54.9*77.7/100 -> 42.6573 | K28: =J28*$K$2 -> 65.265669 | L28: =267.7*95.9/100*$L$2 -> 323.47262 | M28: =72.8*85.1/100*$M$2 -> 80.53864 | N28: =K28*D28/1000 -> 0 | O28: =L28*E28/1000 -> 0 | P28: =M28*F28/1000 -> 0 | Q28: =SUM(N28:P28) -> 0 | R28: =TIMEVALUE(C28) -> 0.41666667 | S28: =DATEVALUE(A28)-MIN($A$3:$A$68) -> 45245 | T28: =R28*86400 -> 36000 | U28: =S28-MIN($S$3:$S$68) -> 23 | V28: =U28*86400 -> 1987200 | W28: =V28+T28 -> 2023200 | X28: =W28-$R$2 -> 1803600 | Y28: =E28 -> 0 | Z28: =D28 -> 0 | AA28: 96
A29: 15/11/2023 | B29: 12:30 | C29: =TEXT(DATEVALUE(A29) + TIMEVALUE(B29), "gg-mm-aaaa hh:mm") -> 15-11-2023 12:30 | D29: =243*2 -> 486 | E29: =61*2 -> 122 | F29: 0 | H29: I closed the valve to the main gas bag and opened the one to the reserve one. No spike in ritter. | I29: 1 | J29: =54.9*77.7/100 -> 42.6573 | K29: =J29*$K$2 -> 65.265669 | L29: =267.7*95.9/100*$L$2 -> 323.47262 | M29: =72.8*85.1/100*$M$2 -> 80.53864 | N29: =K29*D29/1000 -> 31.719115 | O29: =L29*E29/1000 -> 39.463659 | P29: =M29*F29/1000 -> 0 | Q29: =SUM(N29:P29) -> 71.182775 | R29: =TIMEVALUE(C29) -> 0.52083333 | S29: =DATEVALUE(A29)-MIN($A$3:$A$68) -> 45245 | T29: =R29*86400 -> 45000 | U29: =S29-MIN($S$3:$S$68) -> 23 | V29: =U29*86400 -> 1987200 | W29: =V29+T29 -> 2032200 | X29: =W29-$R$2 -> 1812600 | Y29: =E29 -> 122 | Z29: =D29 -> 486 | AA29: 96
A30: 17/11/2023 | B30: 13:00 | C30: =TEXT(DATEVALUE(A30) + TIMEVALUE(B30), "gg-mm-aaaa hh:mm") -> 17-11-2023 13:00 | D30: 730 | E30: 183 | F30: =G28-G30 -> 75.19 | G30: 881.77 | H30: NOTE this is the weight of the tomato bottle before emptying and cleaning | I30: 1 | J30: =54.9*77.7/100 -> 42.6573 | K30: =J30*$K$2 -> 65.265669 | L30: =267.7*95.9/100*$L$2 -> 323.47262 | M30: =72.8*85.1/100*$M$2 -> 80.53864 | N30: =K30*D30/1000 -> 47.643938 | O30: =L30*E30/1000 -> 59.195489 | P30: =M30*F30/1000 -> 6.0557003 | Q30: =SUM(N30:P30) -> 112.89513 | R30: =TIMEVALUE(C30) -> 0.54166667 | S30: =DATEVALUE(A30)-MIN($A$3:$A$68) -> 45247 | T30: =R30*86400 -> 46800 | U30: =S30-MIN($S$3:$S$68) -> 25 | V30: =U30*86400 -> 2160000 | W30: =V30+T30 -> 2206800 | X30: =W30-$R$2 -> 1987200 | Y30: =E30 -> 183 | Z30: =D30 -> 730 | AA30: 96
A31: 17/11/2023 | B31: 09:15 | C31: =TEXT(DATEVALUE(A31) + TIMEVALUE(B31), "gg-mm-aaaa hh:mm") -> 17-11-2023 09:15 | G31: 1179.45 | H31: NOTE: this is the weight of the bottle after emptying, cleaning and disinfecting and refilling with tomato | J31: =54.9*77.7/100 -> 42.6573 | K31: =J31*$K$2 -> 65.265669 | L31: =267.7*95.9/100*$L$2 -> 323.47262 | M31: =72.8*85.1/100*$M$2 -> 80.53864 | N31: =K31*D31/1000 -> 0 | O31: =L31*E31/1000 -> 0 | P31: =M31*F31/1000 -> 0 | Q31: =SUM(N31:P31) -> 0 | R31: =TIMEVALUE(C31) -> 0.38541667 | S31: =DATEVALUE(A31)-MIN($A$3:$A$68) -> 45247 | T31: =R31*86400 -> 33300 | U31: =S31-MIN($S$3:$S$68) -> 25 | V31: =U31*86400 -> 2160000 | W31: =V31+T31 -> 2193300 | X31: =W31-$R$2 -> 1973700 | Y31: =E31 -> 0 | Z31: =D31 -> 0 | AA31: 96
A32: 20/11/2023 | B32: 10:20 | C32: =TEXT(DATEVALUE(A32) + TIMEVALUE(B32), "gg-mm-aaaa hh:mm") -> 20-11-2023 10:20 | D32: 0 | E32: 0 | F32: =G31-G32 -> 83.73 | G32: 1095.72 | I32: 1 | J32: =54.9*77.7/100 -> 42.6573 | K32: =J32*$K$2 -> 65.265669 | L32: =267.7*95.9/100*$L$2 -> 323.47262 | M32: =72.8*85.1/100*$M$2 -> 80.53864 | N32: =K32*D32/1000 -> 0 | O32: =L32*E32/1000 -> 0 | P32: =M32*F32/1000 -> 6.7435003 | Q32: =SUM(N32:P32) -> 6.7435003 | R32: =TIMEVALUE(C32) -> 0.43055556 | S32: =DATEVALUE(A32)-MIN($A$3:$A$68) -> 45250 | T32: =R32*86400 -> 37200 | U32: =S32-MIN($S$3:$S$68) -> 28 | V32: =U32*86400 -> 2419200 | W32: =V32+T32 -> 2456400 | X32: =W32-$R$2 -> 2236800 | Y32: =E32 -> 0 | Z32: =D32 -> 0 | AA32: 96
A33: 20/11/2023 | B33: 11:00 | C33: =TEXT(DATEVALUE(A33) + TIMEVALUE(B33), "gg-mm-aaaa hh:mm") -> 20-11-2023 11:00 | D33: =243*2 -> 486 | E33: =61*2 -> 122 | F33: 0 | I33: 1 | J33: =54.9*77.7/100 -> 42.6573 | K33: =J33*$K$2 -> 65.265669 | L33: =267.7*95.9/100*$L$2 -> 323.47262 | M33: =72.8*85.1/100*$M$2 -> 80.53864 | N33: =K33*D33/1000 -> 31.719115 | O33: =L33*E33/1000 -> 39.463659 | P33: =M33*F33/1000 -> 0 | Q33: =SUM(N33:P33) -> 71.182775 | R33: =TIMEVALUE(C33) -> 0.45833333 | S33: =DATEVALUE(A33)-MIN($A$3:$A$68) -> 45250 | T33: =R33*86400 -> 39600 | U33: =S33-MIN($S$3:$S$68) -> 28 | V33: =U33*86400 -> 2419200 | W33: =V33+T33 -> 2458800 | X33: =W33-$R$2 -> 2239200 | Y33: =E33 -> 122 | Z33: =D33 -> 486 | AA33: 96
A34: 22/11/2023 | B34: 10:00 | C34: =TEXT(DATEVALUE(A34) + TIMEVALUE(B34), "gg-mm-aaaa hh:mm") -> 22-11-2023 10:00 | D34: 0 | E34: 0 | F34: =G32-G34 -> 99.39 | G34: 996.33 | H34: Tomato R2 pump was clogged. In manual operation, it didn't start! Unlocked moving the pump rmp manually. Uff. Sum of R1 feed since 15.11 to today and difference with R2 > 374 g are missing in R2! Volume is lower! | I34: 1 | J34: =54.9*77.7/100 -> 42.6573 | K34: =J34*$K$2 -> 65.265669 | L34: =267.7*95.9/100*$L$2 -> 323.47262 | M34: =72.8*85.1/100*$M$2 -> 80.53864 | N34: =K34*D34/1000 -> 0 | O34: =L34*E34/1000 -> 0 | P34: =M34*F34/1000 -> 8.0047354 | Q34: =SUM(N34:P34) -> 8.0047354 | R34: =TIMEVALUE(C34) -> 0.41666667 | S34: =DATEVALUE(A34)-MIN($A$3:$A$68) -> 45252 | T34: =R34*86400 -> 36000 | U34: =S34-MIN($S$3:$S$68) -> 30 | V34: =U34*86400 -> 2592000 | W34: =V34+T34 -> 2628000 | X34: =W34-$R$2 -> 2408400 | Y34: =E34 -> 0 | Z34: =D34 -> 0 | AA34: 96
A35: 22/11/2023 | B35: 10:00 | C35: =TEXT(DATEVALUE(A35) + TIMEVALUE(B35), "gg-mm-aaaa hh:mm") -> 22-11-2023 10:00 | G35: 1133.7 | H35: So now I'm feeding 374 g of tomato all at once. Pump kept manually on for 37 minutes! | J35: =54.9*77.7/100 -> 42.6573 | K35: =J35*$K$2 -> 65.265669 | L35: =267.7*95.9/100*$L$2 -> 323.47262 | M35: =72.8*85.1/100*$M$2 -> 80.53864 | N35: =K35*D35/1000 -> 0 | O35: =L35*E35/1000 -> 0 | P35: =M35*F35/1000 -> 0 | Q35: =SUM(N35:P35) -> 0 | R35: =TIMEVALUE(C35) -> 0.41666667 | S35: =DATEVALUE(A35)-MIN($A$3:$A$68) -> 45252 | T35: =R35*86400 -> 36000 | U35: =S35-MIN($S$3:$S$68) -> 30 | V35: =U35*86400 -> 2592000 | W35: =V35+T35 -> 2628000 | X35: =W35-$R$2 -> 2408400 | Y35: =E35 -> 0 | Z35: =D35 -> 0 | AA35: 96
A36: 22/11/2023 | B36: 11:04 | C36: =TEXT(DATEVALUE(A36) + TIMEVALUE(B36), "gg-mm-aaaa hh:mm") -> 22-11-2023 11:04 | D36: 0 | E36: 0 | F36: 374 | H36: 20 mL have not been really fed but used to "recalibrate" the pump flowrate | I36: 1 | J36: =54.9*77.7/100 -> 42.6573 | K36: =J36*$K$2 -> 65.265669 | L36: =267.7*95.9/100*$L$2 -> 323.47262 | M36: =72.8*85.1/100*$M$2 -> 80.53864 | N36: =K36*D36/1000 -> 0 | O36: =L36*E36/1000 -> 0 | P36: =M36*F36/1000 -> 30.121451 | Q36: =SUM(N36:P36) -> 30.121451 | R36: =TIMEVALUE(C36) -> 0.46111111 | S36: =DATEVALUE(A36)-MIN($A$3:$A$68) -> 45252 | T36: =R36*86400 -> 39840 | U36: =S36-MIN($S$3:$S$68) -> 30 | V36: =U36*86400 -> 2592000 | W36: =V36+T36 -> 2631840 | X36: =W36-$R$2 -> 2412240 | Y36: =E36 -> 0 | Z36: =D36 -> 0 | AA36: 96
A37: 22/11/2023 | B37: 12:10 | C37: =TEXT(DATEVALUE(A37) + TIMEVALUE(B37), "gg-mm-aaaa hh:mm") -> 22-11-2023 12:10 | G37: 1125.88 | H37: Weight after another refill | J37: =54.9*77.7/100 -> 42.6573 | K37: =J37*$K$2 -> 65.265669 | L37: =267.7*95.9/100*$L$2 -> 323.47262 | M37: =72.8*85.1/100*$M$2 -> 80.53864 | N37: =K37*D37/1000 -> 0 | O37: =L37*E37/1000 -> 0 | P37: =M37*F37/1000 -> 0 | Q37: =SUM(N37:P37) -> 0 | R37: =TIMEVALUE(C37) -> 0.50694444 | S37: =DATEVALUE(A37)-MIN($A$3:$A$68) -> 45252 | T37: =R37*86400 -> 43800 | U37: =S37-MIN($S$3:$S$68) -> 30 | V37: =U37*86400 -> 2592000 | W37: =V37+T37 -> 2635800 | X37: =W37-$R$2 -> 2416200 | Y37: =E37 -> 0 | Z37: =D37 -> 0 | AA37: 96
A38: 22/11/2023 | B38: 10:00 | C38: =TEXT(DATEVALUE(A38) + TIMEVALUE(B38), "gg-mm-aaaa hh:mm") -> 22-11-2023 10:00 | D38: =243*2 -> 486 | E38: =61*2 -> 122 | F38: 0 | I38: 1 | J38: =54.9*77.7/100 -> 42.6573 | K38: =J38*$K$2 -> 65.265669 | L38: =267.7*95.9/100*$L$2 -> 323.47262 | M38: =72.8*85.1/100*$M$2 -> 80.53864 | N38: =K38*D38/1000 -> 31.719115 | O38: =L38*E38/1000 -> 39.463659 | P38: =M38*F38/1000 -> 0 | Q38: =SUM(N38:P38) -> 71.182775 | R38: =TIMEVALUE(C38) -> 0.41666667 | S38: =DATEVALUE(A38)-MIN($A$3:$A$68) -> 45252 | T38: =R38*86400 -> 36000 | U38: =S38-MIN($S$3:$S$68) -> 30 | V38: =U38*86400 -> 2592000 | W38: =V38+T38 -> 2628000 | X38: =W38-$R$2 -> 2408400 | Y38: =E38 -> 122 | Z38: =D38 -> 486 | AA38: 96
A39: 24/11/2023 | B39: 09:20 | C39: =TEXT(DATEVALUE(A39) + TIMEVALUE(B39), "gg-mm-aaaa hh:mm") -> 24-11-2023 09:20 | D39: 0 | E39: 0 | F39: =(G37-G39) -> 218.9 | G39: 906.98 | H39: NOTE this is the weight of the tomato bottle before emptying and cleaning | I39: 1 | J39: =54.9*77.7/100 -> 42.6573 | K39: =J39*$K$2 -> 65.265669 | L39: =267.7*95.9/100*$L$2 -> 323.47262 | M39: =72.8*85.1/100*$M$2 -> 80.53864 | N39: =K39*D39/1000 -> 0 | O39: =L39*E39/1000 -> 0 | P39: =M39*F39/1000 -> 17.629908 | Q39: =SUM(N39:P39) -> 17.629908 | R39: =TIMEVALUE(C39) -> 0.38888889 | S39: =DATEVALUE(A39)-MIN($A$3:$A$68) -> 45254 | T39: =R39*86400 -> 33600 | U39: =S39-MIN($S$3:$S$68) -> 32 | V39: =U39*86400 -> 2764800 | W39: =V39+T39 -> 2798400 | X39: =W39-$R$2 -> 2578800 | Y39: =E39 -> 0 | Z39: =D39 -> 0 | AA39: 96
A40: 24/11/2023 | B40: 10:30 | C40: =TEXT(DATEVALUE(A40) + TIMEVALUE(B40), "gg-mm-aaaa hh:mm") -> 24-11-2023 10:30 | G40: 1241.35 | H40: NOTE: this is the weight of the bottle after emptying, cleaning and disinfecting and refilling with tomato.ariana was responsible for this part it was around 10:30 I guess | J40: =54.9*77.7/100 -> 42.6573 | K40: =J40*$K$2 -> 65.265669 | L40: =267.7*95.9/100*$L$2 -> 323.47262 | M40: =72.8*85.1/100*$M$2 -> 80.53864 | N40: =K40*D40/1000 -> 0 | O40: =L40*E40/1000 -> 0 | P40: =M40*F40/1000 -> 0 | Q40: =SUM(N40:P40) -> 0 | R40: =TIMEVALUE(C40) -> 0.4375 | S40: =DATEVALUE(A40)-MIN($A$3:$A$68) -> 45254 | T40: =R40*86400 -> 37800 | U40: =S40-MIN($S$3:$S$68) -> 32 | V40: =U40*86400 -> 2764800 | W40: =V40+T40 -> 2802600 | X40: =W40-$R$2 -> 2583000 | Y40: =E40 -> 0 | Z40: =D40 -> 0 | AA40: 96
A41: 24/11/2023 | B41: 15:10 | C41: =TEXT(DATEVALUE(A41) + TIMEVALUE(B41), "gg-mm-aaaa hh:mm") -> 24-11-2023 15:10 | D41: 730 | E41: 183 | F41: 0 | I41: 1 | J41: =54.9*77.7/100 -> 42.6573 | K41: =J41*$K$2 -> 65.265669 | L41: =267.7*95.9/100*$L$2 -> 323.47262 | M41: =72.8*85.1/100*$M$2 -> 80.53864 | N41: =K41*D41/1000 -> 47.643938 | O41: =L41*E41/1000 -> 59.195489 | P41: =M41*F41/1000 -> 0 | Q41: =SUM(N41:P41) -> 106.83943 | R41: =TIMEVALUE(C41) -> 0.63194444 | S41: =DATEVALUE(A41)-MIN($A$3:$A$68) -> 45254 | T41: =R41*86400 -> 54600 | U41: =S41-MIN($S$3:$S$68) -> 32 | V41: =U41*86400 -> 2764800 | W41: =V41+T41 -> 2819400 | X41: =W41-$R$2 -> 2599800 | Y41: =E41 -> 183 | Z41: =D41 -> 730 | AA41: 96
A42: 27/11/2023 | B42: 10:00 | C42: =TEXT(DATEVALUE(A42) + TIMEVALUE(B42), "gg-mm-aaaa hh:mm") -> 27-11-2023 10:00 | D42: 0 | E42: 0 | F42: =G40-G42 -> 170.27 | G42: 1071.08 | H42: Still not working properly…why? | I42: 1 | J42: =54.9*77.7/100 -> 42.6573 | K42: =J42*$K$2 -> 65.265669 | L42: =267.7*95.9/100*$L$2 -> 323.47262 | M42: =72.8*85.1/100*$M$2 -> 80.53864 | N42: =K42*D42/1000 -> 0 | O42: =L42*E42/1000 -> 0 | P42: =M42*F42/1000 -> 13.713314 | Q42: =SUM(N42:P42) -> 13.713314 | R42: =TIMEVALUE(C42) -> 0.41666667 | S42: =DATEVALUE(A42)-MIN($A$3:$A$68) -> 45257 | T42: =R42*86400 -> 36000 | U42: =S42-MIN($S$3:$S$68) -> 35 | V42: =U42*86400 -> 3024000 | W42: =V42+T42 -> 3060000 | X42: =W42-$R$2 -> 2840400 | Y42: =E42 -> 0 | Z42: =D42 -> 0 | AA42: 96
A43: 27/11/2023 | B43: 13:00 | C43: =TEXT(DATEVALUE(A43) + TIMEVALUE(B43), "gg-mm-aaaa hh:mm") -> 27-11-2023 13:00 | D43: =243*2 -> 486 | E43: =61*2 -> 122 | F43: 0 | I43: 1 | J43: =54.9*77.7/100 -> 42.6573 | K43: =J43*$K$2 -> 65.265669 | L43: =267.7*95.9/100*$L$2 -> 323.47262 | M43: =72.8*85.1/100*$M$2 -> 80.53864 | N43: =K43*D43/1000 -> 31.719115 | O43: =L43*E43/1000 -> 39.463659 | P43: =M43*F43/1000 -> 0 | Q43: =SUM(N43:P43) -> 71.182775 | R43: =TIMEVALUE(C43) -> 0.54166667 | S43: =DATEVALUE(A43)-MIN($A$3:$A$68) -> 45257 | T43: =R43*86400 -> 46800 | U43: =S43-MIN($S$3:$S$68) -> 35 | V43: =U43*86400 -> 3024000 | W43: =V43+T43 -> 3070800 | X43: =W43-$R$2 -> 2851200 | Y43: =E43 -> 122 | Z43: =D43 -> 486 | AA43: 96
A44: 29/11/2023 | B44: 10:00 | C44: =TEXT(DATEVALUE(A44) + TIMEVALUE(B44), "gg-mm-aaaa hh:mm") -> 29-11-2023 10:00 | D44: 0 | E44: 0 | F44: =G42-G44 -> 196.28 | G44: 874.8 | I44: 1 | J44: =54.9*77.7/100 -> 42.6573 | K44: =J44*$K$2 -> 65.265669 | L44: =267.7*95.9/100*$L$2 -> 323.47262 | M44: =72.8*85.1/100*$M$2 -> 80.53864 | N44: =K44*D44/1000 -> 0 | O44: =L44*E44/1000 -> 0 | P44: =M44*F44/1000 -> 15.808124 | Q44: =SUM(N44:P44) -> 15.808124 | R44: =TIMEVALUE(C44) -> 0.41666667 | S44: =DATEVALUE(A44)-MIN($A$3:$A$68) -> 45259 | T44: =R44*86400 -> 36000 | U44: =S44-MIN($S$3:$S$68) -> 37 | V44: =U44*86400 -> 3196800 | W44: =V44+T44 -> 3232800 | X44: =W44-$R$2 -> 3013200 | Y44: =E44 -> 0 | Z44: =D44 -> 0 | AA44: 96
A45: 29/11/2023 | B45: 10:00 | C45: =TEXT(DATEVALUE(A45) + TIMEVALUE(B45), "gg-mm-aaaa hh:mm") -> 29-11-2023 10:00 | G45: 1103.79 | J45: =54.9*77.7/100 -> 42.6573 | K45: =J45*$K$2 -> 65.265669 | L45: =267.7*95.9/100*$L$2 -> 323.47262 | M45: =72.8*85.1/100*$M$2 -> 80.53864 | N45: =K45*D45/1000 -> 0 | O45: =L45*E45/1000 -> 0 | P45: =M45*F45/1000 -> 0 | Q45: =SUM(N45:P45) -> 0 | R45: =TIMEVALUE(C45) -> 0.41666667 | S45: =DATEVALUE(A45)-MIN($A$3:$A$68) -> 45259 | T45: =R45*86400 -> 36000 | U45: =S45-MIN($S$3:$S$68) -> 37 | V45: =U45*86400 -> 3196800 | W45: =V45+T45 -> 3232800 | X45: =W45-$R$2 -> 3013200 | Y45: =E45 -> 0 | Z45: =D45 -> 0 | AA45: 96
A46: 29/11/2023 | B46: 13:00 | C46: =TEXT(DATEVALUE(A46) + TIMEVALUE(B46), "gg-mm-aaaa hh:mm") -> 29-11-2023 13:00 | D46: =243*2 -> 486 | E46: =61*2 -> 122 | F46: 0 | I46: 1 | J46: =54.9*77.7/100 -> 42.6573 | K46: =J46*$K$2 -> 65.265669 | L46: =267.7*95.9/100*$L$2 -> 323.47262 | M46: =72.8*85.1/100*$M$2 -> 80.53864 | N46: =K46*D46/1000 -> 31.719115 | O46: =L46*E46/1000 -> 39.463659 | P46: =M46*F46/1000 -> 0 | Q46: =SUM(N46:P46) -> 71.182775 | R46: =TIMEVALUE(C46) -> 0.54166667 | S46: =DATEVALUE(A46)-MIN($A$3:$A$68) -> 45259 | T46: =R46*86400 -> 46800 | U46: =S46-MIN($S$3:$S$68) -> 37 | V46: =U46*86400 -> 3196800 | W46: =V46+T46 -> 3243600 | X46: =W46-$R$2 -> 3024000 | Y46: =E46 -> 122 | Z46: =D46 -> 486 | AA46: 96
A47: 01/12/2023 | B47: 09:45 | C47: =TEXT(DATEVALUE(A47) + TIMEVALUE(B47), "gg-mm-aaaa hh:mm") -> 01-12-2023 09:45 | D47: 0 | E47: 0 | F47: =G45-G47 -> 191.51 | G47: 912.28 | H47: NOTE this is the weight of the tomato bottle before emptying and cleaning | I47: 1 | J47: =54.9*77.7/100 -> 42.6573 | K47: =J47*$K$2 -> 65.265669 | L47: =267.7*95.9/100*$L$2 -> 323.47262 | M47: =72.8*85.1/100*$M$2 -> 80.53864 | N47: =K47*D47/1000 -> 0 | O47: =L47*E47/1000 -> 0 | P47: =M47*F47/1000 -> 15.423955 | Q47: =SUM(N47:P47) -> 15.423955 | R47: =TIMEVALUE(C47) -> 0.40625 | S47: =DATEVALUE(A47)-MIN($A$3:$A$68) -> 45261 | T47: =R47*86400 -> 35100 | U47: =S47-MIN($S$3:$S$68) -> 39 | V47: =U47*86400 -> 3369600 | W47: =V47+T47 -> 3404700 | X47: =W47-$R$2 -> 3185100 | Y47: =E47 -> 0 | Z47: =D47 -> 0 | AA47: 96
A48: 01/12/2023 | B48: 12:30 | C48: =TEXT(DATEVALUE(A48) + TIMEVALUE(B48), "gg-mm-aaaa hh:mm") -> 01-12-2023 12:30 | G48: 1168.48 | H48: NOTE: this is the weight of the bottle after emptying, cleaning and disinfecting and refilling with tomato.ariana was responsible for this part it was around 12:30 I guess | J48: =54.9*77.7/100 -> 42.6573 | K48: =J48*$K$2 -> 65.265669 | L48: =267.7*95.9/100*$L$2 -> 323.47262 | M48: =72.8*85.1/100*$M$2 -> 80.53864 | N48: =K48*D48/1000 -> 0 | O48: =L48*E48/1000 -> 0 | P48: =M48*F48/1000 -> 0 | Q48: =SUM(N48:P48) -> 0 | R48: =TIMEVALUE(C48) -> 0.52083333 | S48: =DATEVALUE(A48)-MIN($A$3:$A$68) -> 45261 | T48: =R48*86400 -> 45000 | U48: =S48-MIN($S$3:$S$68) -> 39 | V48: =U48*86400 -> 3369600 | W48: =V48+T48 -> 3414600 | X48: =W48-$R$2 -> 3195000 | Y48: =E48 -> 0 | Z48: =D48 -> 0 | AA48: 96
A49: 01/12/2023 | B49: 13:40 | C49: =TEXT(DATEVALUE(A49) + TIMEVALUE(B49), "gg-mm-aaaa hh:mm") -> 01-12-2023 13:40 | D49: 365 | E49: 91.5 | F49: 0 | H49: NOTE: because of the decrease of the pH we decided to reduce the feeding and the discharging to the half in order to stop the decrease of the pH while maintaining a constant volume of the reactor | I49: 1 | J49: =54.9*77.7/100 -> 42.6573 | K49: =J49*$K$2 -> 65.265669 | L49: =267.7*95.9/100*$L$2 -> 323.47262 | M49: =72.8*85.1/100*$M$2 -> 80.53864 | N49: =K49*D49/1000 -> 23.821969 | O49: =L49*E49/1000 -> 29.597745 | P49: =M49*F49/1000 -> 0 | Q49: =SUM(N49:P49) -> 53.419714 | R49: =TIMEVALUE(C49) -> 0.56944444 | S49: =DATEVALUE(A49)-MIN($A$3:$A$68) -> 45261 | T49: =R49*86400 -> 49200 | U49: =S49-MIN($S$3:$S$68) -> 39 | V49: =U49*86400 -> 3369600 | W49: =V49+T49 -> 3418800 | X49: =W49-$R$2 -> 3199200 | Y49: =E49 -> 91.5 | Z49: =D49 -> 365 | AA49: 96
A50: 04/12/2023 | B50: 10:30 | C50: =TEXT(DATEVALUE(A50) + TIMEVALUE(B50), "gg-mm-aaaa hh:mm") -> 04-12-2023 10:30 | D50: 0 | E50: 0 | F50: =G48-G50 -> 276.63 | G50: 891.85 | I50: 1 | J50: =54.9*77.7/100 -> 42.6573 | K50: =J50*$K$2 -> 65.265669 | L50: =267.7*95.9/100*$L$2 -> 323.47262 | M50: =72.8*85.1/100*$M$2 -> 80.53864 | N50: =K50*D50/1000 -> 0 | O50: =L50*E50/1000 -> 0 | P50: =M50*F50/1000 -> 22.279404 | Q50: =SUM(N50:P50) -> 22.279404 | R50: =TIMEVALUE(C50) -> 0.4375 | S50: =DATEVALUE(A50)-MIN($A$3:$A$68) -> 45264 | T50: =R50*86400 -> 37800 | U50: =S50-MIN($S$3:$S$68) -> 42 | V50: =U50*86400 -> 3628800 | W50: =V50+T50 -> 3666600 | X50: =W50-$R$2 -> 3447000 | Y50: =E50 -> 0 | Z50: =D50 -> 0 | AA50: 96
A51: 04/12/2023 | B51: 10:30 | C51: =TEXT(DATEVALUE(A51) + TIMEVALUE(B51), "gg-mm-aaaa hh:mm") -> 04-12-2023 10:30 | G51: 1054.05 | J51: =54.9*77.7/100 -> 42.6573 | K51: =J51*$K$2 -> 65.265669 | L51: =267.7*95.9/100*$L$2 -> 323.47262 | M51: =72.8*85.1/100*$M$2 -> 80.53864 | N51: =K51*D51/1000 -> 0 | O51: =L51*E51/1000 -> 0 | P51: =M51*F51/1000 -> 0 | Q51: =SUM(N51:P51) -> 0 | R51: =TIMEVALUE(C51) -> 0.4375 | S51: =DATEVALUE(A51)-MIN($A$3:$A$68) -> 45264 | T51: =R51*86400 -> 37800 | U51: =S51-MIN($S$3:$S$68) -> 42 | V51: =U51*86400 -> 3628800 | W51: =V51+T51 -> 3666600 | X51: =W51-$R$2 -> 3447000 | Y51: =E51 -> 0 | Z51: =D51 -> 0 | AA51: 96
A52: 04/12/2023 | B52: 16:00 | C52: =TEXT(DATEVALUE(A52) + TIMEVALUE(B52), "gg-mm-aaaa hh:mm") -> 04-12-2023 16:00 | D52: 243 | E52: 61 | F52: 0 | I52: 1 | J52: =54.9*77.7/100 -> 42.6573 | K52: =J52*$K$2 -> 65.265669 | L52: =267.7*95.9/100*$L$2 -> 323.47262 | M52: =72.8*85.1/100*$M$2 -> 80.53864 | N52: =K52*D52/1000 -> 15.859558 | O52: =L52*E52/1000 -> 19.73183 | P52: =M52*F52/1000 -> 0 | Q52: =SUM(N52:P52) -> 35.591387 | R52: =TIMEVALUE(C52) -> 0.66666667 | S52: =DATEVALUE(A52)-MIN($A$3:$A$68) -> 45264 | T52: =R52*86400 -> 57600 | U52: =S52-MIN($S$3:$S$68) -> 42 | V52: =U52*86400 -> 3628800 | W52: =V52+T52 -> 3686400 | X52: =W52-$R$2 -> 3466800 | Y52: =E52 -> 61 | Z52: =D52 -> 243 | AA52: 96
A53: 06/12/2023 | B53: 10:30 | C53: =TEXT(DATEVALUE(A53) + TIMEVALUE(B53), "gg-mm-aaaa hh:mm") -> 06-12-2023 10:30 | D53: 0 | E53: 0 | F53: =G51-G53 -> 174.26 | G53: 879.79 | I53: 1 | J53: =54.9*77.7/100 -> 42.6573 | K53: =J53*$K$2 -> 65.265669 | L53: =267.7*95.9/100*$L$2 -> 323.47262 | M53: =72.8*85.1/100*$M$2 -> 80.53864 | N53: =K53*D53/1000 -> 0 | O53: =L53*E53/1000 -> 0 | P53: =M53*F53/1000 -> 14.034663 | Q53: =SUM(N53:P53) -> 14.034663 | R53: =TIMEVALUE(C53) -> 0.4375 | S53: =DATEVALUE(A53)-MIN($A$3:$A$68) -> 45266 | T53: =R53*86400 -> 37800 | U53: =S53-MIN($S$3:$S$68) -> 44 | V53: =U53*86400 -> 3801600 | W53: =V53+T53 -> 3839400 | X53: =W53-$R$2 -> 3619800 | Y53: =E53 -> 0 | Z53: =D53 -> 0 | AA53: 96
A54: 06/12/2023 | B54: 10:30 | C54: =TEXT(DATEVALUE(A54) + TIMEVALUE(B54), "gg-mm-aaaa hh:mm") -> 06-12-2023 10:30 | G54: 1409.7 | J54: =54.9*77.7/100 -> 42.6573 | K54: =J54*$K$2 -> 65.265669 | L54: =267.7*95.9/100*$L$2 -> 323.47262 | M54: =72.8*85.1/100*$M$2 -> 80.53864 | N54: =K54*D54/1000 -> 0 | O54: =L54*E54/1000 -> 0 | P54: =M54*F54/1000 -> 0 | Q54: =SUM(N54:P54) -> 0 | R54: =TIMEVALUE(C54) -> 0.4375 | S54: =DATEVALUE(A54)-MIN($A$3:$A$68) -> 45266 | T54: =R54*86400 -> 37800 | U54: =S54-MIN($S$3:$S$68) -> 44 | V54: =U54*86400 -> 3801600 | W54: =V54+T54 -> 3839400 | X54: =W54-$R$2 -> 3619800 | Y54: =E54 -> 0 | Z54: =D54 -> 0 | AA54: 96
A55: 06/12/2023 | B55: 12:30 | C55: =TEXT(DATEVALUE(A55) + TIMEVALUE(B55), "gg-mm-aaaa hh:mm") -> 06-12-2023 12:30 | D55: =243*2 -> 486 | E55: =61*2 -> 122 | F55: 0 | I55: 1 | J55: =54.9*77.7/100 -> 42.6573 | K55: =J55*$K$2 -> 65.265669 | L55: =267.7*95.9/100*$L$2 -> 323.47262 | M55: =72.8*85.1/100*$M$2 -> 80.53864 | N55: =K55*D55/1000 -> 31.719115 | O55: =L55*E55/1000 -> 39.463659 | P55: =M55*F55/1000 -> 0 | Q55: =SUM(N55:P55) -> 71.182775 | R55: =TIMEVALUE(C55) -> 0.52083333 | S55: =DATEVALUE(A55)-MIN($A$3:$A$68) -> 45266 | T55: =R55*86400 -> 45000 | U55: =S55-MIN($S$3:$S$68) -> 44 | V55: =U55*86400 -> 3801600 | W55: =V55+T55 -> 3846600 | X55: =W55-$R$2 -> 3627000 | Y55: =E55 -> 122 | Z55: =D55 -> 486 | AA55: 96
A56: 11/12/2023 | B56: 11:35 | C56: =TEXT(DATEVALUE(A56) + TIMEVALUE(B56), "gg-mm-aaaa hh:mm") -> 11-12-2023 11:35 | D56: 0 | E56: 122 | F56: 0 | I56: 1 | J56: =54.9*77.7/100 -> 42.6573 | K56: =J56*$K$2 -> 65.265669 | L56: =267.7*95.9/100*$L$2 -> 323.47262 | M56: =72.8*85.1/100*$M$2 -> 80.53864 | N56: =K56*D56/1000 -> 0 | O56: =L56*E56/1000 -> 39.463659 | P56: =M56*F56/1000 -> 0 | Q56: =SUM(N56:P56) -> 39.463659 | R56: =TIMEVALUE(C56) -> 0.48263889 | S56: =DATEVALUE(A56)-MIN($A$3:$A$68) -> 45271 | T56: =R56*86400 -> 41700 | U56: =S56-MIN($S$3:$S$68) -> 49 | V56: =U56*86400 -> 4233600 | W56: =V56+T56 -> 4275300 | X56: =W56-$R$2 -> 4055700 | Y56: =E56 -> 122 | Z56: =D56 -> 0 | AA56: 96
A57: 11/12/2023 | B57: 11:50 | C57: =TEXT(DATEVALUE(A57) + TIMEVALUE(B57), "gg-mm-aaaa hh:mm") -> 11-12-2023 11:50 | D57: =243*2 -> 486 | E57: 0 | F57: 0 | I57: 1 | J57: =54.9*77.7/100 -> 42.6573 | K57: =J57*$K$2 -> 65.265669 | L57: =267.7*95.9/100*$L$2 -> 323.47262 | M57: =72.8*85.1/100*$M$2 -> 80.53864 | N57: =K57*D57/1000 -> 31.719115 | O57: =L57*E57/1000 -> 0 | P57: =M57*F57/1000 -> 0 | Q57: =SUM(N57:P57) -> 31.719115 | R57: =TIMEVALUE(C57) -> 0.49305556 | S57: =DATEVALUE(A57)-MIN($A$3:$A$68) -> 45271 | T57: =R57*86400 -> 42600 | U57: =S57-MIN($S$3:$S$68) -> 49 | V57: =U57*86400 -> 4233600 | W57: =V57+T57 -> 4276200 | X57: =W57-$R$2 -> 4056600 | Y57: =E57 -> 0 | Z57: =D57 -> 486 | AA57: 96
A58: 11/12/2023 | B58: 15:00 | C58: =TEXT(DATEVALUE(A58) + TIMEVALUE(B58), "gg-mm-aaaa hh:mm") -> 11-12-2023 15:00 | D58: 0 | E58: 0 | F58: =G54-G58 -> 509.69 | G58: 900.01 | I58: 1 | J58: =54.9*77.7/100 -> 42.6573 | K58: =J58*$K$2 -> 65.265669 | L58: =267.7*95.9/100*$L$2 -> 323.47262 | M58: =72.8*85.1/100*$M$2 -> 80.53864 | N58: =K58*D58/1000 -> 0 | O58: =L58*E58/1000 -> 0 | P58: =M58*F58/1000 -> 41.049739 | Q58: =SUM(N58:P58) -> 41.049739 | R58: =TIMEVALUE(C58) -> 0.625 | S58: =DATEVALUE(A58)-MIN($A$3:$A$68) -> 45271 | T58: =R58*86400 -> 54000 | U58: =S58-MIN($S$3:$S$68) -> 49 | V58: =U58*86400 -> 4233600 | W58: =V58+T58 -> 4287600 | X58: =W58-$R$2 -> 4068000 | Y58: =E58 -> 0 | Z58: =D58 -> 0 | AA58: 96
A59: 11/12/2023 | B59: 15:00 | C59: =TEXT(DATEVALUE(A59) + TIMEVALUE(B59), "gg-mm-aaaa hh:mm") -> 11-12-2023 15:00 | G59: 1138.67 | J59: =54.9*77.7/100 -> 42.6573 | K59: =J59*$K$2 -> 65.265669 | L59: =267.7*95.9/100*$L$2 -> 323.47262 | M59: =72.8*85.1/100*$M$2 -> 80.53864 | N59: =K59*D59/1000 -> 0 | O59: =L59*E59/1000 -> 0 | P59: =M59*F59/1000 -> 0 | Q59: =SUM(N59:P59) -> 0 | R59: =TIMEVALUE(C59) -> 0.625 | S59: =DATEVALUE(A59)-MIN($A$3:$A$68) -> 45271 | T59: =R59*86400 -> 54000 | U59: =S59-MIN($S$3:$S$68) -> 49 | V59: =U59*86400 -> 4233600 | W59: =V59+T59 -> 4287600 | X59: =W59-$R$2 -> 4068000 | Y59: =E59 -> 0 | Z59: =D59 -> 0 | AA59: 96
A60: 13/12/2023 | B60: 12:00 | C60: =TEXT(DATEVALUE(A60) + TIMEVALUE(B60), "gg-mm-aaaa hh:mm") -> 13-12-2023 12:00 | G60: 997.66 | J60: =68.1*77.5/100 -> 52.7775 | K60: =J60*$K$2 -> 80.749575 | L60: =263.6*95.9/100*$L$2 -> 318.51842 | M60: =72.8*85.1/100*$M$2 -> 80.53864 | N60: =K60*D60/1000 -> 0 | O60: =L60*E60/1000 -> 0 | P60: =M60*F60/1000 -> 0 | Q60: =SUM(N60:P60) -> 0 | R60: =TIMEVALUE(C60) -> 0.5 | S60: =DATEVALUE(A60)-MIN($A$3:$A$68) -> 45273 | T60: =R60*86400 -> 43200 | U60: =S60-MIN($S$3:$S$68) -> 51 | V60: =U60*86400 -> 4406400 | W60: =V60+T60 -> 4449600 | X60: =W60-$R$2 -> 4230000 | Y60: =E60 -> 0 | Z60: =D60 -> 0 | AA60: 96
A61: 13/12/2023 | B61: 12:00 | C61: =TEXT(DATEVALUE(A61) + TIMEVALUE(B61), "gg-mm-aaaa hh:mm") -> 13-12-2023 12:00 | D61: 0 | E61: 0 | F61: =G59-G60 -> 141.01 | G61: 1114.52 | I61: 1 | J61: =68.1*77.5/100 -> 52.7775 | K61: =J61*$K$2 -> 80.749575 | L61: =263.6*95.9/100*$L$2 -> 318.51842 | M61: =72.8*85.1/100*$M$2 -> 80.53864 | N61: =K61*D61/1000 -> 0 | O61: =L61*E61/1000 -> 0 | P61: =M61*F61/1000 -> 11.356754 | Q61: =SUM(N61:P61) -> 11.356754 | R61: =TIMEVALUE(C61) -> 0.5 | S61: =DATEVALUE(A61)-MIN($A$3:$A$68) -> 45273 | T61: =R61*86400 -> 43200 | U61: =S61-MIN($S$3:$S$68) -> 51 | V61: =U61*86400 -> 4406400 | W61: =V61+T61 -> 4449600 | X61: =W61-$R$2 -> 4230000 | Y61: =E61 -> 0 | Z61: =D61 -> 0 | AA61: 96
A62: 13/12/2023 | B62: 12:30 | C62: =TEXT(DATEVALUE(A62) + TIMEVALUE(B62), "gg-mm-aaaa hh:mm") -> 13-12-2023 12:30 | D62: =243*2 -> 486 | E62: =61*2 -> 122 | F62: 0 | I62: 1 | J62: =68.1*77.5/100 -> 52.7775 | K62: =J62*$K$2 -> 80.749575 | L62: =263.6*95.9/100*$L$2 -> 318.51842 | M62: =72.8*85.1/100*$M$2 -> 80.53864 | N62: =K62*D62/1000 -> 39.244293 | O62: =L62*E62/1000 -> 38.859248 | P62: =M62*F62/1000 -> 0 | Q62: =SUM(N62:P62) -> 78.103541 | R62: =TIMEVALUE(C62) -> 0.52083333 | S62: =DATEVALUE(A62)-MIN($A$3:$A$68) -> 45273 | T62: =R62*86400 -> 45000 | U62: =S62-MIN($S$3:$S$68) -> 51 | V62: =U62*86400 -> 4406400 | W62: =V62+T62 -> 4451400 | X62: =W62-$R$2 -> 4231800 | Y62: =E62 -> 122 | Z62: =D62 -> 486 | AA62: 96
A63: 15/12/2023 | B63: 11:00 | C63: =TEXT(DATEVALUE(A63) + TIMEVALUE(B63), "gg-mm-aaaa hh:mm") -> 15-12-2023 11:00 | D63: 0 | E63: 0 | F63: =G61-G63 -> 153.45 | G63: 961.07 | I63: 1 | J63: =68.1*77.5/100 -> 52.7775 | K63: =J63*$K$2 -> 80.749575 | L63: =263.6*95.9/100*$L$2 -> 318.51842 | M63: =72.8*85.1/100*$M$2 -> 80.53864 | N63: =K63*D63/1000 -> 0 | O63: =L63*E63/1000 -> 0 | P63: =M63*F63/1000 -> 12.358654 | Q63: =SUM(N63:P63) -> 12.358654 | R63: =TIMEVALUE(C63) -> 0.45833333 | S63: =DATEVALUE(A63)-MIN($A$3:$A$68) -> 45275 | T63: =R63*86400 -> 39600 | U63: =S63-MIN($S$3:$S$68) -> 53 | V63: =U63*86400 -> 4579200 | W63: =V63+T63 -> 4618800 | X63: =W63-$R$2 -> 4399200 | Y63: =E63 -> 0 | Z63: =D63 -> 0 | AA63: 96
A64: 15/12/2023 | B64: 12:30 | C64: =TEXT(DATEVALUE(A64) + TIMEVALUE(B64), "gg-mm-aaaa hh:mm") -> 15-12-2023 12:30 | G64: 1208.07 | J64: =68.1*77.5/100 -> 52.7775 | K64: =J64*$K$2 -> 80.749575 | L64: =263.6*95.9/100*$L$2 -> 318.51842 | M64: =72.8*85.1/100*$M$2 -> 80.53864 | N64: =K64*D64/1000 -> 0 | O64: =L64*E64/1000 -> 0 | P64: =M64*F64/1000 -> 0 | Q64: =SUM(N64:P64) -> 0 | R64: =TIMEVALUE(C64) -> 0.52083333 | S64: =DATEVALUE(A64)-MIN($A$3:$A$68) -> 45275 | T64: =R64*86400 -> 45000 | U64: =S64-MIN($S$3:$S$68) -> 53 | V64: =U64*86400 -> 4579200 | W64: =V64+T64 -> 4624200 | X64: =W64-$R$2 -> 4404600 | Y64: =E64 -> 0 | Z64: =D64 -> 0 | AA64: 96
A65: 15/12/2023 | B65: 13:00 | C65: =TEXT(DATEVALUE(A65) + TIMEVALUE(B65), "gg-mm-aaaa hh:mm") -> 15-12-2023 13:00 | D65: 730 | E65: 183 | F65: 0 | I65: 1 | J65: =68.1*77.5/100 -> 52.7775 | K65: =J65*$K$2 -> 80.749575 | L65: =263.6*95.9/100*$L$2 -> 318.51842 | M65: =72.8*85.1/100*$M$2 -> 80.53864 | N65: =K65*D65/1000 -> 58.94719 | O65: =L65*E65/1000 -> 58.288872 | P65: =M65*F65/1000 -> 0 | Q65: =SUM(N65:P65) -> 117.23606 | R65: =TIMEVALUE(C65) -> 0.54166667 | S65: =DATEVALUE(A65)-MIN($A$3:$A$68) -> 45275 | T65: =R65*86400 -> 46800 | U65: =S65-MIN($S$3:$S$68) -> 53 | V65: =U65*86400 -> 4579200 | W65: =V65+T65 -> 4626000 | X65: =W65-$R$2 -> 4406400 | Y65: =E65 -> 183 | Z65: =D65 -> 730 | AA65: 96
A66: 18/12/2023 | B66: 12:00 | C66: =TEXT(DATEVALUE(A66) + TIMEVALUE(B66), "gg-mm-aaaa hh:mm") -> 18-12-2023 12:00 | D66: 0 | E66: 0 | F66: =G64-G66 -> 287.65 | G66: 920.42 | I66: 1 | J66: =46.6*77.5/100 -> 36.115 | K66: =J66*$K$2 -> 55.25595 | L66: =263.6*95.9/100*$L$2 -> 318.51842 | M66: =72.8*85.1/100*$M$2 -> 80.53864 | N66: =K66*D66/1000 -> 0 | O66: =L66*E66/1000 -> 0 | P66: =M66*F66/1000 -> 23.16694 | Q66: =SUM(N66:P66) -> 23.16694 | R66: =TIMEVALUE(C66) -> 0.5 | S66: =DATEVALUE(A66)-MIN($A$3:$A$68) -> 45278 | T66: =R66*86400 -> 43200 | U66: =S66-MIN($S$3:$S$68) -> 56 | V66: =U66*86400 -> 4838400 | W66: =V66+T66 -> 4881600 | X66: =W66-$R$2 -> 4662000 | Y66: =E66 -> 0 | Z66: =D66 -> 0 | AA66: 96
A67: 18/12/2023 | B67: 13:00 | C67: =TEXT(DATEVALUE(A67) + TIMEVALUE(B67), "gg-mm-aaaa hh:mm") -> 18-12-2023 13:00 | G67: 1022.23 | J67: =46.6*77.5/100 -> 36.115 | K67: =J67*$K$2 -> 55.25595 | L67: =263.6*95.9/100*$L$2 -> 318.51842 | M67: =72.8*85.1/100*$M$2 -> 80.53864 | N67: =K67*D67/1000 -> 0 | O67: =L67*E67/1000 -> 0 | P67: =M67*F67/1000 -> 0 | Q67: =SUM(N67:P67) -> 0 | R67: =TIMEVALUE(C67) -> 0.54166667 | S67: =DATEVALUE(A67)-MIN($A$3:$A$68) -> 45278 | T67: =R67*86400 -> 46800 | U67: =S67-MIN($S$3:$S$68) -> 56 | V67: =U67*86400 -> 4838400 | W67: =V67+T67 -> 4885200 | X67: =W67-$R$2 -> 4665600 | Y67: =E67 -> 0 | Z67: =D67 -> 0 | AA67: 96
A68: 18/12/2023 | B68: 12:00 | C68: =TEXT(DATEVALUE(A68) + TIMEVALUE(B68), "gg-mm-aaaa hh:mm") -> 18-12-2023 12:00 | D68: =243*2 -> 486 | E68: =61*2 -> 122 | F68: 0 | H68: Andrea Remelli: some material remained sutcked in the feeding tube (it has not been pushed down in the liquid phase) | I68: 1 | J68: =46.6*77.5/100 -> 36.115 | K68: =J68*$K$2 -> 55.25595 | L68: =263.6*95.9/100*$L$2 -> 318.51842 | M68: =72.8*85.1/100*$M$2 -> 80.53864 | N68: =K68*D68/1000 -> 26.854392 | O68: =L68*E68/1000 -> 38.859248 | P68: =M68*F68/1000 -> 0 | Q68: =SUM(N68:P68) -> 65.713639 | R68: =TIMEVALUE(C68) -> 0.5 | S68: =DATEVALUE(A68)-MIN($A$3:$A$68) -> 45278 | T68: =R68*86400 -> 43200 | U68: =S68-MIN($S$3:$S$68) -> 56 | V68: =U68*86400 -> 4838400 | W68: =V68+T68 -> 4881600 | X68: =W68-$R$2 -> 4662000 | Y68: =E68 -> 122 | Z68: =D68 -> 486 | AA68: 96
A69: 20/12/2023 | B69: 10:00 | C69: =TEXT(DATEVALUE(A69) + TIMEVALUE(B69), "gg-mm-aaaa hh:mm") -> 20-12-2023 10:00 | D69: 0 | E69: 0 | F69: =G67-G69 -> 153.3 | G69: 868.93 | I69: 1 | J69: =46.6*77.5/100 -> 36.115 | K69: =J69*$K$2 -> 55.25595 | L69: =263.6*95.9/100*$L$2 -> 318.51842 | M69: =72.8*85.1/100*$M$2 -> 80.53864 | N69: =K69*D69/1000 -> 0 | O69: =L69*E69/1000 -> 0 | P69: =M69*F69/1000 -> 12.346574 | Q69: =SUM(N69:P69) -> 12.346574 | R69: =TIMEVALUE(C69) -> 0.41666667 | S69: =DATEVALUE(A69)-MIN($A$3:$A$68) -> 45280 | T69: =R69*86400 -> 36000 | U69: =S69-MIN($S$3:$S$68) -> 58 | V69: =U69*86400 -> 5011200 | W69: =V69+T69 -> 5047200 | X69: =W69-$R$2 -> 4827600 | Y69: =E69 -> 0 | Z69: =D69 -> 0 | AA69: 96
A70: 20/12/2023 | B70: 10:00 | C70: =TEXT(DATEVALUE(A70) + TIMEVALUE(B70), "gg-mm-aaaa hh:mm") -> 20-12-2023 10:00 | G70: 1167.13 | J70: =46.6*77.5/100 -> 36.115 | K70: =J70*$K$2 -> 55.25595 | L70: =263.6*95.9/100*$L$2 -> 318.51842 | M70: =72.8*85.1/100*$M$2 -> 80.53864 | N70: =K70*D70/1000 -> 0 | O70: =L70*E70/1000 -> 0 | P70: =M70*F70/1000 -> 0 | Q70: =SUM(N70:P70) -> 0 | R70: =TIMEVALUE(C70) -> 0.41666667 | S70: =DATEVALUE(A70)-MIN($A$3:$A$68) -> 45280 | T70: =R70*86400 -> 36000 | U70: =S70-MIN($S$3:$S$68) -> 58 | V70: =U70*86400 -> 5011200 | W70: =V70+T70 -> 5047200 | X70: =W70-$R$2 -> 4827600 | Y70: =E70 -> 0 | Z70: =D70 -> 0 | AA70: 96
A71: 20/12/2023 | B71: 11:30 | C71: =TEXT(DATEVALUE(A71) + TIMEVALUE(B71), "gg-mm-aaaa hh:mm") -> 20-12-2023 11:30 | D71: =243*2 -> 486 | E71: =61*2 -> 122 | F71: 0 | I71: 1 | J71: =46.6*77.5/100 -> 36.115 | K71: =J71*$K$2 -> 55.25595 | L71: =263.6*95.9/100*$L$2 -> 318.51842 | M71: =72.8*85.1/100*$M$2 -> 80.53864 | N71: =K71*D71/1000 -> 26.854392 | O71: =L71*E71/1000 -> 38.859248 | P71: =M71*F71/1000 -> 0 | Q71: =SUM(N71:P71) -> 65.713639 | R71: =TIMEVALUE(C71) -> 0.47916667 | S71: =DATEVALUE(A71)-MIN($A$3:$A$68) -> 45280 | T71: =R71*86400 -> 41400 | U71: =S71-MIN($S$3:$S$68) -> 58 | V71: =U71*86400 -> 5011200 | W71: =V71+T71 -> 5052600 | X71: =W71-$R$2 -> 4833000 | Y71: =E71 -> 122 | Z71: =D71 -> 486 | AA71: 96
A72: 22/12/2023 | B72: 10:00 | C72: =TEXT(DATEVALUE(A72) + TIMEVALUE(B72), "gg-mm-aaaa hh:mm") -> 22-12-2023 10:00 | D72: 0 | E72: 0 | F72: =G70-G72 -> 183.96 | G72: 983.17 | I72: 1 | J72: =46.6*77.5/100 -> 36.115 | K72: =J72*$K$2 -> 55.25595 | L72: =263.6*95.9/100*$L$2 -> 318.51842 | M72: =72.8*85.1/100*$M$2 -> 80.53864 | N72: =K72*D72/1000 -> 0 | O72: =L72*E72/1000 -> 0 | P72: =M72*F72/1000 -> 14.815888 | Q72: =SUM(N72:P72) -> 14.815888 | R72: =TIMEVALUE(C72) -> 0.41666667 | S72: =DATEVALUE(A72)-MIN($A$3:$A$68) -> 45282 | T72: =R72*86400 -> 36000 | U72: =S72-MIN($S$3:$S$68) -> 60 | V72: =U72*86400 -> 5184000 | W72: =V72+T72 -> 5220000 | X72: =W72-$R$2 -> 5000400 | Y72: =E72 -> 0 | Z72: =D72 -> 0 | AA72: 96
A73: 22/12/2023 | B73: 16:30 | C73: =TEXT(DATEVALUE(A73) + TIMEVALUE(B73), "gg-mm-aaaa hh:mm") -> 22-12-2023 16:30 | D73: 730 | E73: 183 | F73: 0 | I73: 1 | J73: =46.6*77.5/100 -> 36.115 | K73: =J73*$K$2 -> 55.25595 | L73: =263.6*95.9/100*$L$2 -> 318.51842 | M73: =72.8*85.1/100*$M$2 -> 80.53864 | N73: =K73*D73/1000 -> 40.336844 | O73: =L73*E73/1000 -> 58.288872 | P73: =M73*F73/1000 -> 0 | Q73: =SUM(N73:P73) -> 98.625715 | R73: =TIMEVALUE(C73) -> 0.6875 | S73: =DATEVALUE(A73)-MIN($A$3:$A$68) -> 45282 | T73: =R73*86400 -> 59400 | U73: =S73-MIN($S$3:$S$68) -> 60 | V73: =U73*86400 -> 5184000 | W73: =V73+T73 -> 5243400 | X73: =W73-$R$2 -> 5023800 | Y73: =E73 -> 183 | Z73: =D73 -> 730 | AA73: 0
A74: 08/01/2024 | B74: 10:00 | C74: =TEXT(DATEVALUE(A74) + TIMEVALUE(B74), "gg-mm-aaaa hh:mm") -> 08-01-2024 10:00 | D74: 0 | E74: 0 | F74: 0 | G74: 1090.12 | J74: =46.6*77.5/100 -> 36.115 | K74: =J74*$K$2 -> 55.25595 | L74: =263.6*95.9/100*$L$2 -> 318.51842 | M74: =72.8*85.1/100*$M$2 -> 80.53864 | N74: =K74*D74/1000 -> 0 | O74: =L74*E74/1000 -> 0 | P74: =M74*F74/1000 -> 0 | Q74: =SUM(N74:P74) -> 0 | R74: =TIMEVALUE(C74) -> 0.41666667 | S74: =DATEVALUE(A74)-MIN($A$3:$A$68) -> 45299 | T74: =R74*86400 -> 36000 | U74: =S74-MIN($S$3:$S$68) -> 77 | V74: =U74*86400 -> 6652800 | W74: =V74+T74 -> 6688800 | X74: =W74-$R$2 -> 6469200 | Y74: =E74 -> 0 | Z74: =D74 -> 0 | AA74: 96
A75: 08/01/2024 | B75: 13:00 | C75: =TEXT(DATEVALUE(A75) + TIMEVALUE(B75), "gg-mm-aaaa hh:mm") -> 08-01-2024 13:00 | D75: =243*2 -> 486 | E75: =61*2 -> 122 | F75: 0 | I75: 1 | J75: =46.6*77.5/100 -> 36.115 | K75: =J75*$K$2 -> 55.25595 | L75: =263.6*95.9/100*$L$2 -> 318.51842 | M75: =72.8*85.1/100*$M$2 -> 80.53864 | N75: =K75*D75/1000 -> 26.854392 | O75: =L75*E75/1000 -> 38.859248 | P75: =M75*F75/1000 -> 0 | Q75: =SUM(N75:P75) -> 65.713639 | R75: =TIMEVALUE(C75) -> 0.54166667 | S75: =DATEVALUE(A75)-MIN($A$3:$A$68) -> 45299 | T75: =R75*86400 -> 46800 | U75: =S75-MIN($S$3:$S$68) -> 77 | V75: =U75*86400 -> 6652800 | W75: =V75+T75 -> 6699600 | X75: =W75-$R$2 -> 6480000 | Y75: =E75 -> 122 | Z75: =D75 -> 486 | AA75: 96
A76: 10/01/2024 | B76: 10:00 | C76: =TEXT(DATEVALUE(A76) + TIMEVALUE(B76), "gg-mm-aaaa hh:mm") -> 10-01-2024 10:00 | D76: =243*2 -> 486 | E76: =61*2 -> 122 | F76: =G74-G76 -> 168.28 | G76: 921.84 | H76: 1099.16 | I76: 1 | J76: =46.6*77.5/100 -> 36.115 | K76: =J76*$K$2 -> 55.25595 | L76: =263.6*95.9/100*$L$2 -> 318.51842 | M76: =72.8*85.1/100*$M$2 -> 80.53864 | N76: =K76*D76/1000 -> 26.854392 | O76: =L76*E76/1000 -> 38.859248 | P76: =M76*F76/1000 -> 13.553042 | Q76: =SUM(N76:P76) -> 79.266682 | R76: =TIMEVALUE(C76) -> 0.41666667 | S76: =DATEVALUE(A76)-MIN($A$3:$A$68) -> 45301 | T76: =R76*86400 -> 36000 | U76: =S76-MIN($S$3:$S$68) -> 79 | V76: =U76*86400 -> 6825600 | W76: =V76+T76 -> 6861600 | X76: =W76-$R$2 -> 6642000 | Y76: =E76 -> 122 | Z76: =D76 -> 486 | AA76: 96
A77: 12/01/2024 | B77: 10:50 | C77: =TEXT(DATEVALUE(A77) + TIMEVALUE(B77), "gg-mm-aaaa hh:mm") -> 12-01-2024 10:50 | D77: 730 | E77: 183 | F77: =H76-G77 -> 179.38 | G77: 919.78 | I77: 1 | J77: =46.6*77.5/100 -> 36.115 | K77: =J77*$K$2 -> 55.25595 | L77: =263.6*95.9/100*$L$2 -> 318.51842 | M77: =72.8*85.1/100*$M$2 -> 80.53864 | N77: =K77*D77/1000 -> 40.336844 | O77: =L77*E77/1000 -> 58.288872 | P77: =M77*F77/1000 -> 14.447021 | Q77: =SUM(N77:P77) -> 113.07274 | R77: =TIMEVALUE(C77) -> 0.45138889 | S77: =DATEVALUE(A77)-MIN($A$3:$A$68) -> 45303 | T77: =R77*86400 -> 39000 | U77: =S77-MIN($S$3:$S$68) -> 81 | V77: =U77*86400 -> 6998400 | W77: =V77+T77 -> 7037400 | X77: =W77-$R$2 -> 6817800 | Y77: =E77 -> 183 | Z77: =D77 -> 730 | AA77: 0
A78: 15/01/2024 | B78: 10:30 | C78: =TEXT(DATEVALUE(A78) + TIMEVALUE(B78), "gg-mm-aaaa hh:mm") -> 15-01-2024 10:30 | D78: =243*2 -> 486 | E78: =61*2 -> 122 | F78: 0 | I78: 1 | J78: =46.6*77.5/100 -> 36.115 | K78: =J78*$K$2 -> 55.25595 | L78: =263.6*95.9/100*$L$2 -> 318.51842 | M78: =72.8*85.1/100*$M$2 -> 80.53864 | N78: =K78*D78/1000 -> 26.854392 | O78: =L78*E78/1000 -> 38.859248 | P78: =M78*F78/1000 -> 0 | Q78: =SUM(N78:P78) -> 65.713639 | R78: =TIMEVALUE(C78) -> 0.4375 | S78: =DATEVALUE(A78)-MIN($A$3:$A$68) -> 45306 | T78: =R78*86400 -> 37800 | U78: =S78-MIN($S$3:$S$68) -> 84 | V78: =U78*86400 -> 7257600 | W78: =V78+T78 -> 7295400 | X78: =W78-$R$2 -> 7075800 | Y78: =E78 -> 122 | Z78: =D78 -> 486 | AA78: 0
A79: 17/01/2024 | B79: 11:00 | C79: =TEXT(DATEVALUE(A79) + TIMEVALUE(B79), "gg-mm-aaaa hh:mm") -> 17-01-2024 11:00 | D79: =243*2 -> 486 | E79: =61*2 -> 122 | F79: 0 | I79: 1 | J79: =46.6*77.5/100 -> 36.115 | K79: =J79*$K$2 -> 55.25595 | L79: =263.6*95.9/100*$L$2 -> 318.51842 | M79: =72.8*85.1/100*$M$2 -> 80.53864 | N79: =K79*D79/1000 -> 26.854392 | O79: =L79*E79/1000 -> 38.859248 | P79: =M79*F79/1000 -> 0 | Q79: =SUM(N79:P79) -> 65.713639 | R79: =TIMEVALUE(C79) -> 0.45833333 | S79: =DATEVALUE(A79)-MIN($A$3:$A$68) -> 45308 | T79: =R79*86400 -> 39600 | U79: =S79-MIN($S$3:$S$68) -> 86 | V79: =U79*86400 -> 7430400 | W79: =V79+T79 -> 7470000 | X79: =W79-$R$2 -> 7250400 | Y79: =E79 -> 122 | Z79: =D79 -> 486 | AA79: 0
A80: 19/01/2024 | B80: 12:30 | C80: =TEXT(DATEVALUE(A80) + TIMEVALUE(B80), "gg-mm-aaaa hh:mm") -> 19-01-2024 12:30 | D80: 700 | E80: 122 | F80: 0 | G80: 1134 | H80: NEW OLR. Wrong dosage of maize becouse it was already mixed with slurry. 486 old slurry + 122 new slurry opened today | I80: 1 | J80: =46.6*77.5/100 -> 36.115 | K80: =J80*$K$2 -> 55.25595 | L80: =263.6*95.9/100*$L$2 -> 318.51842 | M80: =72.8*85.1/100*$M$2 -> 80.53864 | N80: =K80*D80/1000 -> 38.679165 | O80: =L80*E80/1000 -> 38.859248 | P80: =M80*F80/1000 -> 0 | Q80: =SUM(N80:P80) -> 77.538413 | R80: =TIMEVALUE(C80) -> 0.52083333 | S80: =DATEVALUE(A80)-MIN($A$3:$A$68) -> 45310 | T80: =R80*86400 -> 45000 | U80: =S80-MIN($S$3:$S$68) -> 88 | V80: =U80*86400 -> 7603200 | W80: =V80+T80 -> 7648200 | X80: =W80-$R$2 -> 7428600 | Y80: =E80 -> 122 | Z80: =D80 -> 700 | AA80: 96
A81: 22/01/2024 | B81: 10:44 | C81: =TEXT(DATEVALUE(A81) + TIMEVALUE(B81), "gg-mm-aaaa hh:mm") -> 22-01-2024 10:44 | D81: 486 | E81: 64 | F81: =G80-G81 -> 274 | G81: 860 | H81: 1039 | I81: 1 | J81: =54.5*77.5/100 -> 42.2375 | K81: =J81*$K$2 -> 64.623375 | L81: =263.6*95.9/100*$L$2 -> 318.51842 | M81: =72.8*85.1/100*$M$2 -> 80.53864 | N81: =K81*D81/1000 -> 31.40696 | O81: =L81*E81/1000 -> 20.385179 | P81: =M81*F81/1000 -> 22.067587 | Q81: =SUM(N81:P81) -> 73.859727 | R81: =TIMEVALUE(C81) -> 0.44722222 | S81: =DATEVALUE(A81)-MIN($A$3:$A$68) -> 45313 | T81: =R81*86400 -> 38640 | U81: =S81-MIN($S$3:$S$68) -> 91 | V81: =U81*86400 -> 7862400 | W81: =V81+T81 -> 7901040 | X81: =W81-$R$2 -> 7681440 | Y81: =E81 -> 64 | Z81: =D81 -> 486 | AA81: 96
A82: 24/01/2024 | B82: 13:00 | C82: =TEXT(DATEVALUE(A82) + TIMEVALUE(B82), "gg-mm-aaaa hh:mm") -> 24-01-2024 13:00 | D82: 486 | E82: 64 | F82: =H81-G82 -> 199 | G82: 840 | H82: 1073 | I82: 1 | J82: =54.5*77.5/100 -> 42.2375 | K82: =J82*$K$2 -> 64.623375 | L82: =263.6*95.9/100*$L$2 -> 318.51842 | M82: =72.8*85.1/100*$M$2 -> 80.53864 | N82: =K82*D82/1000 -> 31.40696 | O82: =L82*E82/1000 -> 20.385179 | P82: =M82*F82/1000 -> 16.027189 | Q82: =SUM(N82:P82) -> 67.819329 | R82: =TIMEVALUE(C82) -> 0.54166667 | S82: =DATEVALUE(A82)-MIN($A$3:$A$68) -> 45315 | T82: =R82*86400 -> 46800 | U82: =S82-MIN($S$3:$S$68) -> 93 | V82: =U82*86400 -> 8035200 | W82: =V82+T82 -> 8082000 | X82: =W82-$R$2 -> 7862400 | Y82: =E82 -> 64 | Z82: =D82 -> 486 | AA82: 96
A83: 26/01/2024 | B83: 16:45 | C83: =TEXT(DATEVALUE(A83) + TIMEVALUE(B83), "gg-mm-aaaa hh:mm") -> 26-01-2024 16:45 | D83: 730 | E83: 93 | F83: =H82-G83 -> 187.57 | G83: 885.43 | H83: 1218.75 | I83: 1 | J83: =54.5*77.5/100 -> 42.2375 | K83: =J83*$K$2 -> 64.623375 | L83: =263.6*95.9/100*$L$2 -> 318.51842 | M83: =72.8*85.1/100*$M$2 -> 80.53864 | N83: =K83*D83/1000 -> 47.175064 | O83: =L83*E83/1000 -> 29.622213 | P83: =M83*F83/1000 -> 15.106633 | Q83: =SUM(N83:P83) -> 91.90391 | R83: =TIMEVALUE(C83) -> 0.69791667 | S83: =DATEVALUE(A83)-MIN($A$3:$A$68) -> 45317 | T83: =R83*86400 -> 60300 | U83: =S83-MIN($S$3:$S$68) -> 95 | V83: =U83*86400 -> 8208000 | W83: =V83+T83 -> 8268300 | X83: =W83-$R$2 -> 8048700 | Y83: =E83 -> 93 | Z83: =D83 -> 730 | AA83: 96
A84: 29/01/2024 | B84: 11:15 | C84: =TEXT(DATEVALUE(A84) + TIMEVALUE(B84), "gg-mm-aaaa hh:mm") -> 29-01-2024 11:15 | D84: 486 | E84: 64 | F84: =H83-G84 -> 257.55 | G84: 961.2 | H84: 1112.5 | I84: 1 | J84: =54.5*77.5/100 -> 42.2375 | K84: =J84*$K$2 -> 64.623375 | L84: =263.6*95.9/100*$L$2 -> 318.51842 | M84: =72.8*85.1/100*$M$2 -> 80.53864 | N84: =K84*D84/1000 -> 31.40696 | O84: =L84*E84/1000 -> 20.385179 | P84: =M84*F84/1000 -> 20.742727 | Q84: =SUM(N84:P84) -> 72.534866 | R84: =TIMEVALUE(C84) -> 0.46875 | S84: =DATEVALUE(A84)-MIN($A$3:$A$68) -> 45320 | T84: =R84*86400 -> 40500 | U84: =S84-MIN($S$3:$S$68) -> 98 | V84: =U84*86400 -> 8467200 | W84: =V84+T84 -> 8507700 | X84: =W84-$R$2 -> 8288100 | Y84: =E84 -> 64 | Z84: =D84 -> 486 | AA84: 96
A85: 31/01/2024 | B85: 13:00 | C85: =TEXT(DATEVALUE(A85) + TIMEVALUE(B85), "gg-mm-aaaa hh:mm") -> 31-01-2024 13:00 | D85: 486 | E85: 64 | F85: =H84-G85 -> 182.5 | G85: 930 | H85: 1652 | I85: 1 | J85: =54.5*77.5/100 -> 42.2375 | K85: =J85*$K$2 -> 64.623375 | L85: =263.6*95.9/100*$L$2 -> 318.51842 | M85: =72.8*85.1/100*$M$2 -> 80.53864 | N85: =K85*D85/1000 -> 31.40696 | O85: =L85*E85/1000 -> 20.385179 | P85: =M85*F85/1000 -> 14.698302 | Q85: =SUM(N85:P85) -> 66.490441 | R85: =TIMEVALUE(C85) -> 0.54166667 | S85: =DATEVALUE(A85)-MIN($A$3:$A$68) -> 45322 | T85: =R85*86400 -> 46800 | U85: =S85-MIN($S$3:$S$68) -> 100 | V85: =U85*86400 -> 8640000 | W85: =V85+T85 -> 8686800 | X85: =W85-$R$2 -> 8467200 | Y85: =E85 -> 64 | Z85: =D85 -> 486 | AA85: 96
A86: 02/02/2024 | B86: 11:30 | C86: =TEXT(DATEVALUE(A86) + TIMEVALUE(B86), "gg-mm-aaaa hh:mm") -> 02-02-2024 11:30 | D86: 730 | E86: 96 | F86: =H85-G86 -> 203 | G86: 1449 | H86: 1547.9 | I86: 1 | J86: =54.5*77.5/100 -> 42.2375 | K86: =J86*$K$2 -> 64.623375 | L86: =263.6*95.9/100*$L$2 -> 318.51842 | M86: =72.8*85.1/100*$M$2 -> 80.53864 | N86: =K86*D86/1000 -> 47.175064 | O86: =L86*E86/1000 -> 30.577769 | P86: =M86*F86/1000 -> 16.349344 | Q86: =SUM(N86:P86) -> 94.102176 | R86: =TIMEVALUE(C86) -> 0.47916667 | S86: =DATEVALUE(A86)-MIN($A$3:$A$68) -> 45324 | T86: =R86*86400 -> 41400 | U86: =S86-MIN($S$3:$S$68) -> 102 | V86: =U86*86400 -> 8812800 | W86: =V86+T86 -> 8854200 | X86: =W86-$R$2 -> 8634600 | Y86: =E86 -> 96 | Z86: =D86 -> 730 | AA86: 96
A87: 05/02/2024 | B87: 13:15 | C87: =TEXT(DATEVALUE(A87) + TIMEVALUE(B87), "gg-mm-aaaa hh:mm") -> 05-02-2024 13:15 | D87: 462 | E87: 70 | F87: =H86-G87 -> 637.9 | G87: 910 | H87: 1401 | I87: 1 | J87: =54.5*77.5/100 -> 42.2375 | K87: =J87*$K$2 -> 64.623375 | L87: =263.6*95.9/100*$L$2 -> 318.51842 | M87: =72.8*85.1/100*$M$2 -> 80.53864 | N87: =K87*D87/1000 -> 29.855999 | O87: =L87*E87/1000 -> 22.29629 | P87: =M87*F87/1000 -> 51.375598 | Q87: =SUM(N87:P87) -> 103.52789 | R87: =TIMEVALUE(C87) -> 0.55208333 | S87: =DATEVALUE(A87)-MIN($A$3:$A$68) -> 45327 | T87: =R87*86400 -> 47700 | U87: =S87-MIN($S$3:$S$68) -> 105 | V87: =U87*86400 -> 9072000 | W87: =V87+T87 -> 9119700 | X87: =W87-$R$2 -> 8900100 | Y87: =E87 -> 70 | Z87: =D87 -> 462 | AA87: 96
A88: 07/02/2024 | B88: 15:00 | C88: =TEXT(DATEVALUE(A88) + TIMEVALUE(B88), "gg-mm-aaaa hh:mm") -> 07-02-2024 15:00 | D88: 446 | E88: 74 | F88: =H87-G88 -> 262.25 | G88: 1138.75 | H88: 1387.6 | I88: 1 | J88: =54.5*77.5/100 -> 42.2375 | K88: =J88*$K$2 -> 64.623375 | L88: =263.6*95.9/100*$L$2 -> 318.51842 | M88: =72.8*85.1/100*$M$2 -> 80.53864 | N88: =K88*D88/1000 -> 28.822025 | O88: =L88*E88/1000 -> 23.570363 | P88: =M88*F88/1000 -> 21.121258 | Q88: =SUM(N88:P88) -> 73.513647 | R88: =TIMEVALUE(C88) -> 0.625 | S88: =DATEVALUE(A88)-MIN($A$3:$A$68) -> 45329 | T88: =R88*86400 -> 54000 | U88: =S88-MIN($S$3:$S$68) -> 107 | V88: =U88*86400 -> 9244800 | W88: =V88+T88 -> 9298800 | X88: =W88-$R$2 -> 9079200 | Y88: =E88 -> 74 | Z88: =D88 -> 446 | AA88: 96
A89: 09/02/2024 | B89: 16:15 | C89: =TEXT(DATEVALUE(A89) + TIMEVALUE(B89), "gg-mm-aaaa hh:mm") -> 09-02-2024 16:15 | D89: =730-(67/17*7)*3 -> 647.23529 | E89: =96+(16.9/17*7)*3 -> 116.87647 | F89: =H88-G89 -> 270.9 | G89: 1116.7 | H89: 1443.8 | I89: 1 | J89: =49.9*77.5/100 -> 38.6725 | K89: =J89*$K$2 -> 59.168925 | L89: =263.6*95.9/100*$L$2 -> 318.51842 | M89: =72.8*85.1/100*$M$2 -> 80.53864 | N89: =K89*D89/1000 -> 38.296217 | O89: =L89*E89/1000 -> 37.227309 | P89: =M89*F89/1000 -> 21.817918 | Q89: =SUM(N89:P89) -> 97.341443 | R89: =TIMEVALUE(C89) -> 0.67708333 | S89: =DATEVALUE(A89)-MIN($A$3:$A$68) -> 45331 | T89: =R89*86400 -> 58500 | U89: =S89-MIN($S$3:$S$68) -> 109 | V89: =U89*86400 -> 9417600 | W89: =V89+T89 -> 9476100 | X89: =W89-$R$2 -> 9256500 | Y89: =E89 -> 116.87647 | Z89: =D89 -> 647.23529 | AA89: 96
A90: 12/02/2024 | B90: 11:45 | C90: =TEXT(DATEVALUE(A90) + TIMEVALUE(B90), "gg-mm-aaaa hh:mm") -> 12-02-2024 11:45 | D90: =486-(67/17*10)*2 -> 407.17647 | E90: =64+(16.9/17*10)*2 -> 83.882353 | F90: =H89-G90 -> 246.1 | G90: 1197.7 | H90: 1225.7 | I90: 1 | J90: =49.9*77.5/100 -> 38.6725 | K90: =J90*$K$2 -> 59.168925 | L90: =263.6*95.9/100*$L$2 -> 318.51842 | M90: =72.8*85.1/100*$M$2 -> 80.53864 | N90: =K90*D90/1000 -> 24.092194 | O90: =L90*E90/1000 -> 26.718075 | P90: =M90*F90/1000 -> 19.820559 | Q90: =SUM(N90:P90) -> 70.630828 | R90: =TIMEVALUE(C90) -> 0.48958333 | S90: =DATEVALUE(A90)-MIN($A$3:$A$68) -> 45334 | T90: =R90*86400 -> 42300 | U90: =S90-MIN($S$3:$S$68) -> 112 | V90: =U90*86400 -> 9676800 | W90: =V90+T90 -> 9719100 | X90: =W90-$R$2 -> 9499500 | Y90: =E90 -> 83.882353 | Z90: =D90 -> 407.17647 | AA90: 96
A91: 14/02/2024 | B91: 15:00 | C91: =TEXT(DATEVALUE(A91) + TIMEVALUE(B91), "gg-mm-aaaa hh:mm") -> 14-02-2024 15:00 | D91: =486-(67/17*12)*2 -> 391.41176 | E91: =64+(16.9/17*12)*2 -> 87.858824 | F91: =H90-G91 -> 198.1 | G91: 1027.6 | H91: 1283 | I91: 1 | J91: =49.9*77.5/100 -> 38.6725 | K91: =J91*$K$2 -> 59.168925 | L91: =263.6*95.9/100*$L$2 -> 318.51842 | M91: =72.8*85.1/100*$M$2 -> 80.53864 | N91: =K91*D91/1000 -> 23.159413 | O91: =L91*E91/1000 -> 27.984654 | P91: =M91*F91/1000 -> 15.954705 | Q91: =SUM(N91:P91) -> 67.098772 | R91: =TIMEVALUE(C91) -> 0.625 | S91: =DATEVALUE(A91)-MIN($A$3:$A$68) -> 45336 | T91: =R91*86400 -> 54000 | U91: =S91-MIN($S$3:$S$68) -> 114 | V91: =U91*86400 -> 9849600 | W91: =V91+T91 -> 9903600 | X91: =W91-$R$2 -> 9684000 | Y91: =E91 -> 87.858824 | Z91: =D91 -> 391.41176 | AA91: 96
A92: 16/02/2024 | B92: 15:30 | C92: =TEXT(DATEVALUE(A92) + TIMEVALUE(B92), "gg-mm-aaaa hh:mm") -> 16-02-2024 15:30 | D92: =730-(67/17*14)*3 -> 564.47059 | E92: =96+(16.9/17*14)*3 -> 137.75294 | F92: =H91-G92 -> 184 | G92: 1099 | H92: 1392.3 | I92: 1 | J92: =49.9*77.5/100 -> 38.6725 | K92: =J92*$K$2 -> 59.168925 | L92: =263.6*95.9/100*$L$2 -> 318.51842 | M92: =72.8*85.1/100*$M$2 -> 80.53864 | N92: =K92*D92/1000 -> 33.399118 | O92: =L92*E92/1000 -> 43.87685 | P92: =M92*F92/1000 -> 14.81911 | Q92: =SUM(N92:P92) -> 92.095077 | R92: =TIMEVALUE(C92) -> 0.64583333 | S92: =DATEVALUE(A92)-MIN($A$3:$A$68) -> 45338 | T92: =R92*86400 -> 55800 | U92: =S92-MIN($S$3:$S$68) -> 116 | V92: =U92*86400 -> 10022400 | W92: =V92+T92 -> 10078200 | X92: =W92-$R$2 -> 9858600 | Y92: =E92 -> 137.75294 | Z92: =D92 -> 564.47059 | AA92: 96
A93: 19/02/2024 | B93: 15:00 | C93: =TEXT(DATEVALUE(A93) + TIMEVALUE(B93), "gg-mm-aaaa hh:mm") -> 19-02-2024 15:00 | D93: =486-(67/17*17)*2 -> 352 | E93: =64+(16.9/17*17)*2 -> 97.8 | F93: =H92-G93 -> 40.7 | G93: 1351.6 | H93: 1215.5 | I93: 1 | J93: =45.2*77.5/100 -> 35.03 | K93: =J93*$K$2 -> 53.5959 | L93: =263.6*95.9/100*$L$2 -> 318.51842 | M93: =72.8*85.1/100*$M$2 -> 80.53864 | N93: =K93*D93/1000 -> 18.865757 | O93: =L93*E93/1000 -> 31.151102 | P93: =M93*F93/1000 -> 3.2779226 | Q93: =SUM(N93:P93) -> 53.294781 | R93: =TIMEVALUE(C93) -> 0.625 | S93: =DATEVALUE(A93)-MIN($A$3:$A$68) -> 45341 | T93: =R93*86400 -> 54000 | U93: =S93-MIN($S$3:$S$68) -> 119 | V93: =U93*86400 -> 10281600 | W93: =V93+T93 -> 10335600 | X93: =W93-$R$2 -> 10116000 | Y93: =E93 -> 97.8 | Z93: =D93 -> 352 | AA93: 96
A94: 21/02/2024 | B94: 13:15 | C94: =TEXT(DATEVALUE(A94) + TIMEVALUE(B94), "gg-mm-aaaa hh:mm") -> 21-02-2024 13:15 | D94: =486-(67/17*17)*2 -> 352 | E94: =64+(16.9/17*17)*2 -> 97.8 | F94: =H93-G94 -> 250.2 | G94: 965.3 | H94: 1242.6 | I94: 1 | J94: =45.2*77.5/100 -> 35.03 | K94: =J94*$K$2 -> 53.5959 | L94: =263.6*95.9/100*$L$2 -> 318.51842 | M94: =72.8*85.1/100*$M$2 -> 80.53864 | N94: =K94*D94/1000 -> 18.865757 | O94: =L94*E94/1000 -> 31.151102 | P94: =M94*F94/1000 -> 20.150768 | Q94: =SUM(N94:P94) -> 70.167626 | R94: =TIMEVALUE(C94) -> 0.55208333 | S94: =DATEVALUE(A94)-MIN($A$3:$A$68) -> 45343 | T94: =R94*86400 -> 47700 | U94: =S94-MIN($S$3:$S$68) -> 121 | V94: =U94*86400 -> 10454400 | W94: =V94+T94 -> 10502100 | X94: =W94-$R$2 -> 10282500 | Y94: =E94 -> 97.8 | Z94: =D94 -> 352 | AA94: 96
A95: 23/02/2024 | B95: 15:00 | C95: =TEXT(DATEVALUE(A95) + TIMEVALUE(B95), "gg-mm-aaaa hh:mm") -> 23-02-2024 15:00 | D95: =730-(67/17*17)*3 -> 529 | E95: =96+(16.9/17*17)*3 -> 146.7 | F95: =H94-G95 -> 154.8 | G95: 1087.8 | H95: FINE RAMPA | I95: 1 | J95: =45.2*77.5/100 -> 35.03 | K95: =J95*$K$2 -> 53.5959 | L95: =263.6*95.9/100*$L$2 -> 318.51842 | M95: =72.8*85.1/100*$M$2 -> 80.53864 | N95: =K95*D95/1000 -> 28.352231 | O95: =L95*E95/1000 -> 46.726653 | P95: =M95*F95/1000 -> 12.467381 | Q95: =SUM(N95:P95) -> 87.546265 | R95: =TIMEVALUE(C95) -> 0.625 | S95: =DATEVALUE(A95)-MIN($A$3:$A$68) -> 45345 | T95: =R95*86400 -> 54000 | U95: =S95-MIN($S$3:$S$68) -> 123 | V95: =U95*86400 -> 10627200 | W95: =V95+T95 -> 10681200 | X95: =W95-$R$2 -> 10461600 | Y95: =E95 -> 146.7 | Z95: =D95 -> 529 | AA95: 96
A96: 26/02/2024 | B96: 14:20 | C96: =TEXT(DATEVALUE(A96) + TIMEVALUE(B96), "gg-mm-aaaa hh:mm") -> 26-02-2024 14:20 | D96: =486-(67/17*17)*2 -> 352 | E96: =64+(16.9/17*17)*2 -> 97.8 | F96: 350 | G96: 814.7 | H96: 1384.7 | I96: 1 | J96: =45.2*77.5/100 -> 35.03 | K96: =J96*$K$2 -> 53.5959 | L96: =263.6*95.9/100*$L$2 -> 318.51842 | M96: =72.8*85.1/100*$M$2 -> 80.53864 | N96: =K96*D96/1000 -> 18.865757 | O96: =L96*E96/1000 -> 31.151102 | P96: =M96*F96/1000 -> 28.188524 | Q96: =SUM(N96:P96) -> 78.205383 | R96: =TIMEVALUE(C96) -> 0.59722222 | S96: =DATEVALUE(A96)-MIN($A$3:$A$68) -> 45348 | T96: =R96*86400 -> 51600 | U96: =S96-MIN($S$3:$S$68) -> 126 | V96: =U96*86400 -> 10886400 | W96: =V96+T96 -> 10938000 | X96: =W96-$R$2 -> 10718400 | Y96: =E96 -> 97.8 | Z96: =D96 -> 352 | AA96: 96
A97: 28/02/2024 | B97: 15:00 | C97: =TEXT(DATEVALUE(A97) + TIMEVALUE(B97), "gg-mm-aaaa hh:mm") -> 28-02-2024 15:00 | D97: =486-(67/17*17)*2 -> 352 | E97: =64+(16.9/17*17)*2 -> 97.8 | F97: =H96-G97 -> 336.56 | G97: 1048.14 | H97: 1314.88 | I97: 1 | J97: =45.2*77.5/100 -> 35.03 | K97: =J97*$K$2 -> 53.5959 | L97: =263.6*95.9/100*$L$2 -> 318.51842 | M97: =72.8*85.1/100*$M$2 -> 80.53864 | N97: =K97*D97/1000 -> 18.865757 | O97: =L97*E97/1000 -> 31.151102 | P97: =M97*F97/1000 -> 27.106085 | Q97: =SUM(N97:P97) -> 77.122943 | R97: =TIMEVALUE(C97) -> 0.625 | S97: =DATEVALUE(A97)-MIN($A$3:$A$68) -> 45350 | T97: =R97*86400 -> 54000 | U97: =S97-MIN($S$3:$S$68) -> 128 | V97: =U97*86400 -> 11059200 | W97: =V97+T97 -> 11113200 | X97: =W97-$R$2 -> 10893600 | Y97: =E97 -> 97.8 | Z97: =D97 -> 352 | AA97: 96
A98: 1/03/2024 | B98: 17:00 | C98: =TEXT(DATEVALUE(A98) + TIMEVALUE(B98), "gg-mm-aaaa hh:mm") -> 01-03-2024 17:00 | D98: =730-(67/17*17)*3 -> 529 | E98: =96+(16.9/17*17)*3 -> 146.7 | F98: =H97-G98 -> 335.3 | G98: 979.58 | H98: 1279.09 | I98: 1 | J98: =77.7*82/100 -> 63.714 | K98: =J98*$K$2 -> 97.48242 | L98: =263.6*95.9/100*$L$2 -> 318.51842 | M98: =72.8*85.1/100*$M$2 -> 80.53864 | N98: =K98*D98/1000 -> 51.5682 | O98: =L98*E98/1000 -> 46.726653 | P98: =M98*F98/1000 -> 27.004606 | Q98: =SUM(N98:P98) -> 125.29946 | R98: =TIMEVALUE(C98) -> 0.70833333 | S98: =DATEVALUE(A98)-MIN($A$3:$A$68) -> 45352 | T98: =R98*86400 -> 61200 | U98: =S98-MIN($S$3:$S$68) -> 130 | V98: =U98*86400 -> 11232000 | W98: =V98+T98 -> 11293200 | X98: =W98-$R$2 -> 11073600 | Y98: =E98 -> 146.7 | Z98: =D98 -> 529 | AA98: 96
A99: 4/03/2024 | B99: 11:30 | C99: =TEXT(DATEVALUE(A99) + TIMEVALUE(B99), "gg-mm-aaaa hh:mm") -> 04-03-2024 11:30 | D99: =486-(67/17*17)*2 -> 352 | E99: =64+(16.9/17*17)*2 -> 97.8 | F99: =H98-G99 -> 364.19 | G99: 914.9 | H99: 1301 | I99: 1 | J99: =77.7*82/100 -> 63.714 | K99: =J99*$K$2 -> 97.48242 | L99: =263.6*95.9/100*$L$2 -> 318.51842 | M99: =72.8*85.1/100*$M$2 -> 80.53864 | N99: =K99*D99/1000 -> 34.313812 | O99: =L99*E99/1000 -> 31.151102 | P99: =M99*F99/1000 -> 29.331367 | Q99: =SUM(N99:P99) -> 94.796281 | R99: =TIMEVALUE(C99) -> 0.47916667 | S99: =DATEVALUE(A99)-MIN($A$3:$A$68) -> 45355 | T99: =R99*86400 -> 41400 | U99: =S99-MIN($S$3:$S$68) -> 133 | V99: =U99*86400 -> 11491200 | W99: =V99+T99 -> 11532600 | X99: =W99-$R$2 -> 11313000 | Y99: =E99 -> 97.8 | Z99: =D99 -> 352 | AA99: 96
A100: 6/03/2024 | B100: 16:30 | C100: =TEXT(DATEVALUE(A100) + TIMEVALUE(B100), "gg-mm-aaaa hh:mm") -> 06-03-2024 16:30 | D100: =486-(67/17*17)*2 -> 352 | E100: =64+(16.9/17*17)*2 -> 97.8 | F100: =H99-G100 -> 391.3 | G100: 909.7 | H100: 1245 | I100: 1 | J100: =77.7*82/100 -> 63.714 | K100: =J100*$K$2 -> 97.48242 | L100: =263.6*95.9/100*$L$2 -> 318.51842 | M100: =72.8*85.1/100*$M$2 -> 80.53864 | N100: =K100*D100/1000 -> 34.313812 | O100: =L100*E100/1000 -> 31.151102 | P100: =M100*F100/1000 -> 31.51477 | Q100: =SUM(N100:P100) -> 96.979684 | R100: =TIMEVALUE(C100) -> 0.6875 | S100: =DATEVALUE(A100)-MIN($A$3:$A$68) -> 45357 | T100: =R100*86400 -> 59400 | U100: =S100-MIN($S$3:$S$68) -> 135 | V100: =U100*86400 -> 11664000 | W100: =V100+T100 -> 11723400 | X100: =W100-$R$2 -> 11503800 | Y100: =E100 -> 97.8 | Z100: =D100 -> 352 | AA100: 96
...

Sheet Reactor volumes
A1: Date | B1: Time | C1: Timestamp | D1: Days | H1: Charge | I1: Discharge | J1: R1 Volume | K1: Charge | L1: Discharge | M1: R2 Volume | O1: Combi | P1: R1 | R1: R2
G2: 0 | H2: 0 | I2: 0 | J2: 12000 | K2: 0 | L2: 0 | M2: 12000 | O2: =G2 -> 0 | P2: =J2/1000000 -> 0.012 | Q2: =G2 -> 0 | R2: =M2/1000000 -> 0.012
A3: 25/03/2024 | B3: 11:00 | C3: =TEXT(DATEVALUE(A3) + TIMEVALUE(B3), "gg-mm-aaaa hh:mm") -> 25-03-2024 11:00 | D3: =DATEVALUE(A3)-MIN(A2:A20) -> 45376 | E3: =TIMEVALUE(B3) -> 0.45833333 | F3: 0 | G3: =13131000-60*90 -> 13125600 | H3: 0 | I3: 100 | J3: =J2+H3-I3 -> 11900 | K3: 0 | L3: 100 | M3: =M2+K3-L3 -> 11900 | O3: =G3 -> 13125600 | P3: =J3/1000000 -> 0.0119 | Q3: =G3 -> 13125600 | R3: =M3/1000000 -> 0.0119
A4: 26/03/2024 | B4: 10:30 | C4: =TEXT(DATEVALUE(A4) + TIMEVALUE(B4), "gg-mm-aaaa hh:mm") -> 26-03-2024 10:30 | D4: =DATEVALUE(A4)-MIN(A3:A21) -> 45377 | E4: =TIMEVALUE(B4) -> 0.4375 | F4: =D4-$D$3 -> 1 | G4: =$G$3+F4*86400+(E4-$E$3)*86400 -> 13210200 | H4: 400 | I4: 0 | J4: =J3+H4-I4 -> 12300 | K4: 400 | L4: 0 | M4: =M3+K4-L4 -> 12300 | O4: =G4 -> 13210200 | P4: =J4/1000000 -> 0.0123 | Q4: =G4 -> 13210200 | R4: =M4/1000000 -> 0.0123
A5: 26/03/2024 | B5: 11:00 | C5: =TEXT(DATEVALUE(A5) + TIMEVALUE(B5), "gg-mm-aaaa hh:mm") -> 26-03-2024 11:00 | D5: =DATEVALUE(A5)-MIN(A4:A22) -> 45377 | E5: =TIMEVALUE(B5) -> 0.45833333 | F5: =D5-$D$3 -> 1 | G5: =$G$3+F5*86400+(E5-$E$3)*86400 -> 13212000 | H5: 0 | I5: 100 | J5: =J4+H5-I5 -> 12200 | K5: 0 | L5: 100 | M5: =M4+K5-L5 -> 12200 | O5: =G5 -> 13212000 | P5: =J5/1000000 -> 0.0122 | Q5: =G5 -> 13212000 | R5: =M5/1000000 -> 0.0122
A6: 26/03/2024 | B6: 12:45 | C6: =TEXT(DATEVALUE(A6) + TIMEVALUE(B6), "gg-mm-aaaa hh:mm") -> 26-03-2024 12:45 | D6: =DATEVALUE(A6)-MIN(A5:A23) -> 45377 | E6: =TIMEVALUE(B6) -> 0.53125 | F6: =D6-$D$3 -> 1 | G6: =$G$3+F6*86400+(E6-$E$3)*86400 -> 13218300 | H6: 0 | I6: 100 | J6: =J5+H6-I6 -> 12100 | K6: 0 | L6: 100 | M6: =M5+K6-L6 -> 12100 | O6: =G6 -> 13218300 | P6: =J6/1000000 -> 0.0121 | Q6: =G6 -> 13218300 | R6: =M6/1000000 -> 0.0121
A7: 26/03/2024 | B7: 16:00 | C7: =TEXT(DATEVALUE(A7) + TIMEVALUE(B7), "gg-mm-aaaa hh:mm") -> 26-03-2024 16:00 | D7: =DATEVALUE(A7)-MIN(A6:A24) -> 45377 | E7: =TIMEVALUE(B7) -> 0.66666667 | F7: =D7-$D$3 -> 1 | G7: =$G$3+F7*86400+(E7-$E$3)*86400 -> 13230000 | H7: 0 | I7: 100 | J7: =J6+H7-I7 -> 12000 | K7: 0 | L7: 100 | M7: =M6+K7-L7 -> 12000 | O7: =G7 -> 13230000 | P7: =J7/1000000 -> 0.012 | Q7: =G7 -> 13230000 | R7: =M7/1000000 -> 0.012
A8: 27/03/2024 | B8: 10:30 | C8: =TEXT(DATEVALUE(A8) + TIMEVALUE(B8), "gg-mm-aaaa hh:mm") -> 27-03-2024 10:30 | D8: =DATEVALUE(A8)-MIN(A7:A25) -> 45378 | E8: =TIMEVALUE(B8) -> 0.4375 | F8: =D8-$D$3 -> 2 | G8: =$G$3+F8*86400+(E8-$E$3)*86400 -> 13296600 | H8: 0 | I8: 100 | J8: =J7+H8-I8 -> 11900 | K8: 0 | L8: 100 | M8: =M7+K8-L8 -> 11900 | O8: =G8 -> 13296600 | P8: =J8/1000000 -> 0.0119 | Q8: =G8 -> 13296600 | R8: =M8/1000000 -> 0.0119
A9: 29/03/2024 | B9: 10:15 | C9: =TEXT(DATEVALUE(A9) + TIMEVALUE(B9), "gg-mm-aaaa hh:mm") -> 29-03-2024 10:15 | D9: =DATEVALUE(A9)-MIN(A8:A26) -> 45380 | E9: =TIMEVALUE(B9) -> 0.42708333 | F9: =D9-$D$3 -> 4 | G9: =$G$3+F9*86400+(E9-$E$3)*86400 -> 13468500 | H9: 0 | I9: 100 | J9: =J8+H9-I9 -> 11800 | K9: 0 | L9: 100 | M9: =M8+K9-L9 -> 11800 | O9: =G9 -> 13468500 | P9: =J9/1000000 -> 0.0118 | Q9: =G9 -> 13468500 | R9: =M9/1000000 -> 0.0118
A10: 02/04/2024 | B10: 10:40 | C10: =TEXT(DATEVALUE(A10) + TIMEVALUE(B10), "gg-mm-aaaa hh:mm") -> 02-04-2024 10:40 | D10: =DATEVALUE(A10)-MIN(A9:A27) -> 45384 | E10: =TIMEVALUE(B10) -> 0.44444444 | F10: =D10-$D$3 -> 8 | G10: =$G$3+F10*86400+(E10-$E$3)*86400 -> 13815600 | H10: 0 | I10: 100 | J10: =J9+H10-I10+50 -> 11750 | K10: 0 | L10: 100 | M10: =M9+K10-L10+50 -> 11750 | N10: più 50 mL from previous battente | O10: =G10 -> 13815600 | P10: =J10/1000000 -> 0.01175 | Q10: =G10 -> 13815600 | R10: =M10/1000000 -> 0.01175
A11: 05/04/2024 | B11: 10:30 | C11: =TEXT(DATEVALUE(A11) + TIMEVALUE(B11), "gg-mm-aaaa hh:mm") -> 05-04-2024 10:30 | D11: =DATEVALUE(A11)-MIN(A10:A28) -> 45387 | E11: =TIMEVALUE(B11) -> 0.4375 | F11: =D11-$D$3 -> 11 | G11: =$G$3+F11*86400+(E11-$E$3)*86400 -> 14074200 | H11: 0 | I11: 100 | J11: =J10+H11-I11+50 -> 11700 | K11: 0 | L11: 100 | M11: =M10+K11-L11+50 -> 11700 | N11: più 50 mL from previous battente | O11: =G11 -> 14074200 | P11: =J11/1000000 -> 0.0117 | Q11: =G11 -> 14074200 | R11: =M11/1000000 -> 0.0117
A12: 08/04/2024 | B12: 10:30 | C12: =TEXT(DATEVALUE(A12) + TIMEVALUE(B12), "gg-mm-aaaa hh:mm") -> 08-04-2024 10:30 | D12: =DATEVALUE(A12)-MIN(A11:A29) -> 45390 | E12: =TIMEVALUE(B12) -> 0.4375 | F12: =D12-$D$3 -> 14 | G12: =$G$3+F12*86400+(E12-$E$3)*86400 -> 14333400 | H12: 0 | I12: 100 | J12: =J11+H12-I12+50 -> 11650 | K12: 0 | L12: 100 | M12: =M11+K12-L12+50 -> 11650 | N12: più 50 mL from previous battente | O12: =G12 -> 14333400 | P12: =J12/1000000 -> 0.01165 | Q12: =G12 -> 14333400 | R12: =M12/1000000 -> 0.01165
A13: 10/04/2024 | B13: 10:30 | C13: =TEXT(DATEVALUE(A13) + TIMEVALUE(B13), "gg-mm-aaaa hh:mm") -> 10-04-2024 10:30 | D13: =DATEVALUE(A13)-MIN(A12:A30) -> 45392 | E13: =TIMEVALUE(B13) -> 0.4375 | F13: =D13-$D$3 -> 16 | G13: =$G$3+F13*86400+(E13-$E$3)*86400 -> 14506200 | H13: 0 | I13: 100 | J13: =J12+H13-I13 -> 11550 | K13: 0 | L13: 100 | M13: =M12+K13-L13 -> 11550 | O13: =G13 -> 14506200 | P13: =J13/1000000 -> 0.01155 | Q13: =G13 -> 14506200 | R13: =M13/1000000 -> 0.01155
A14: 10/04/2024 | B14: 14:00 | C14: =TEXT(DATEVALUE(A14) + TIMEVALUE(B14), "gg-mm-aaaa hh:mm") -> 10-04-2024 14:00 | D14: =DATEVALUE(A14)-MIN(A13:A31) -> 45392 | E14: =TIMEVALUE(B14) -> 0.58333333 | F14: =D14-$D$3 -> 16 | G14: =$G$3+F14*86400+(E14-$E$3)*86400 -> 14518800 | H14: 0 | I14: 0 | J14: =J13+H14-I14 -> 11550 | K14: 0 | L14: =2500+1800 -> 4300 | M14: =M13+K14-L14 -> 7250 | O14: =G14 -> 14518800 | P14: =J14/1000000 -> 0.01155 | Q14: =G14 -> 14518800 | R14: =M14/1000000 -> 0.00725
A15: 10/04/2024 | B15: 17:00 | C15: =TEXT(DATEVALUE(A15) + TIMEVALUE(B15), "gg-mm-aaaa hh:mm") -> 10-04-2024 17:00 | D15: =DATEVALUE(A15)-MIN(A14:A32) -> 45392 | E15: =TIMEVALUE(B15) -> 0.70833333 | F15: =D15-$D$3 -> 16 | G15: =$G$3+F15*86400+(E15-$E$3)*86400 -> 14529600 | H15: 0 | I15: 0 | J15: =J14+H15-I15 -> 11550 | K15: 300 | L15: 0 | M15: =M14+K15-L15 -> 7550 | O15: =G15 -> 14529600 | P15: =J15/1000000 -> 0.01155 | Q15: =G15 -> 14529600 | R15: =M15/1000000 -> 0.00755
A16: 11/04/2024 | B16: 11:40 | C16: =TEXT(DATEVALUE(A16) + TIMEVALUE(B16), "gg-mm-aaaa hh:mm") -> 11-04-2024 11:40 | D16: =DATEVALUE(A16)-MIN(A15:A33) -> 45393 | E16: =TIMEVALUE(B16) -> 0.48611111 | F16: =D16-$D$3 -> 17 | G16: =$G$3+F16*86400+(E16-$E$3)*86400 -> 14596800 | H16: 2000 | I16: 0 | J16: =J15+H16-I16 -> 13550 | K16: 1000 | L16: 0 | M16: =M15+K16-L16 -> 8550 | O16: =G16 -> 14596800 | P16: =J16/1000000 -> 0.01355 | Q16: =G16 -> 14596800 | R16: =M16/1000000 -> 0.00855
A17: 11/04/2024 | B17: 12:20 | C17: =TEXT(DATEVALUE(A17) + TIMEVALUE(B17), "gg-mm-aaaa hh:mm") -> 11-04-2024 12:20 | D17: =DATEVALUE(A17)-MIN(A16:A34) -> 45393 | E17: =TIMEVALUE(B17) -> 0.51388889 | F17: =D17-$D$3 -> 17 | G17: =$G$3+F17*86400+(E17-$E$3)*86400 -> 14599200 | H17: 0 | I17: 220 | J17: =J16+H17-I17 -> 13330 | K17: 0 | L17: 100 | M17: =M16+K17-L17 -> 8450 | O17: =G17 -> 14599200 | P17: =J17/1000000 -> 0.01333 | Q17: =G17 -> 14599200 | R17: =M17/1000000 -> 0.00845
A18: 11/04/2024 | B18: 15:30 | C18: =TEXT(DATEVALUE(A18) + TIMEVALUE(B18), "gg-mm-aaaa hh:mm") -> 11-04-2024 15:30 | D18: =DATEVALUE(A18)-MIN(A17:A35) -> 45393 | E18: =TIMEVALUE(B18) -> 0.64583333 | F18: =D18-$D$3 -> 17 | G18: =$G$3+F18*86400+(E18-$E$3)*86400 -> 14610600 | H18: 0 | I18: 220 | J18: =J17+H18-I18 -> 13110 | K18: 0 | L18: 100 | M18: =M17+K18-L18 -> 8350 | O18: =G18 -> 14610600 | P18: =J18/1000000 -> 0.01311 | Q18: =G18 -> 14610600 | R18: =M18/1000000 -> 0.00835
A19: 12/04/2024 | B19: 11:30 | C19: =TEXT(DATEVALUE(A19) + TIMEVALUE(B19), "gg-mm-aaaa hh:mm") -> 12-04-2024 11:30 | D19: =DATEVALUE(A19)-MIN(A18:A36) -> 45394 | E19: =TIMEVALUE(B19) -> 0.47916667 | F19: =D19-$D$3 -> 18 | G19: =$G$3+F19*86400+(E19-$E$3)*86400 -> 14682600 | H19: 0 | I19: 220 | J19: =J18+H19-I19 -> 12890 | K19: 0 | L19: 0 | M19: =M18+K19-L19 -> 8350 | O19: =G19 -> 14682600 | P19: =J19/1000000 -> 0.01289 | Q19: =G19 -> 14682600 | R19: =M19/1000000 -> 0.00835
A20: 12/04/2024 | B20: 16:15 | C20: =TEXT(DATEVALUE(A20) + TIMEVALUE(B20), "gg-mm-aaaa hh:mm") -> 12-04-2024 16:15 | D20: =DATEVALUE(A20)-MIN(A19:A37) -> 45394 | E20: =TIMEVALUE(B20) -> 0.67708333 | F20: =D20-$D$3 -> 18 | G20: =$G$3+F20*86400+(E20-$E$3)*86400 -> 14699700 | H20: 0 | I20: 220 | J20: =J19+H20-I20 -> 12670 | K20: 3800 | L20: 0 | M20: =M19+K20-L20 -> 12150 | N20: R2 recharged with previous discharges stored inside the fridge. | O20: =G20 -> 14699700 | P20: =J20/1000000 -> 0.01267 | Q20: =G20 -> 14699700 | R20: =M20/1000000 -> 0.01215
A21: 15/04/2024 | B21: 10:00 | C21: =TEXT(DATEVALUE(A21) + TIMEVALUE(B21), "gg-mm-aaaa hh:mm") -> 15-04-2024 10:00 | D21: =DATEVALUE(A21)-MIN(A20:A38) -> 45397 | E21: =TIMEVALUE(B21) -> 0.41666667 | F21: =D21-$D$3 -> 21 | G21: =$G$3+F21*86400+(E21-$E$3)*86400 -> 14936400 | H21: 0 | I21: 220 | J21: =J20+H21-I21 -> 12450 | K21: 0 | L21: 0 | M21: =M20+K21-L21 -> 12150 | O21: =G21 -> 14936400 | P21: =J21/1000000 -> 0.01245 | Q21: =G21 -> 14936400 | R21: =M21/1000000 -> 0.01215

Sheet Combi_real
A1: R2 MANUAL SLURRY AND MAIZE DOSING | Q1: R2 TOMATOSOUCE PUMP DOSING (taken from python grouping) | X1: R1 MANUAL SLURRY AND MAIZE DOSING | AN1: R1 TOMATOSOUCE PUMP DOSING (taken from python grouping)
A2: 165000 | C2: =A2 -> 165000 | D2: 183 | E2: 730 | H2: =D2 -> 183 | I2: =E2 -> 730 | L2: 165000 | M2: 183 | N2: 730 | O2: 96 | Q2: 45226.438 | R2: 1 | S2: =A2-20*60 -> 163800 | T2: =R2*96 -> 96 | U2: =S2 -> 163800 | V2: =IF(T2=0,0.0000000001,T2) -> 96 | X2: 165000 | Z2: =X2 -> 165000 | AA2: 183 | AB2: 730 | AE2: =AA2 -> 183 | AF2: =AB2 -> 730 | AI2: 165000 | AJ2: 183 | AK2: 730 | AL2: 96 | AN2: 45226.438 | AO2: 1 | AP2: =X2-20*60 -> 163800 | AQ2: =AO2*96 -> 96 | AR2: =AP2 -> 163800 | AS2: =IF(AQ2=0,0.0000000001,AQ2) -> 96
B3: =A2+300 -> 165300 | C3: =B3 -> 165300 | F3: 1e-10 | G3: 1e-10 | H3: =F3 -> 1e-10 | I3: =G3 -> 1e-10 | L3: 165300 | M3: 1e-10 | N3: 1e-10 | O3: 96 | Q3: 45226.542 | R3: 1 | S3: =S2+150*60 -> 172800 | T3: =R3*96 -> 96 | U3: =S3 -> 172800 | V3: =IF(T3=0,0.0000000001,T3) -> 96 | Y3: =X2+300 -> 165300 | Z3: =Y3 -> 165300 | AC3: 1e-10 | AD3: 1e-10 | AE3: =AC3 -> 1e-10 | AF3: =AD3 -> 1e-10 | AI3: 165300 | AJ3: 1e-10 | AK3: 1e-10 | AL3: 96 | AN3: 45226.542 | AO3: 1 | AP3: =AP2+150*60 -> 172800 | AQ3: =AO3*96 -> 96 | AR3: =AP3 -> 172800 | AS3: =IF(AQ3=0,0.0000000001,AQ3) -> 96
A4: 767700 | C4: =A4 -> 767700 | D4: 183 | E4: 730 | H4: =D4 -> 183 | I4: =E4 -> 730 | L4: 767700 | M4: 183 | N4: 730 | O4: 96 | Q4: 45226.646 | R4: 1 | S4: =S3+150*60 -> 181800 | T4: =R4*96 -> 96 | U4: =S4 -> 181800 | V4: =IF(T4=0,0.0000000001,T4) -> 96 | X4: 767700 | Z4: =X4 -> 767700 | AA4: 183 | AB4: 730 | AE4: =AA4 -> 183 | AF4: =AB4 -> 730 | AI4: 767700 | AJ4: 183 | AK4: 730 | AL4: 96 | AN4: 45226.646 | AO4: 1 | AP4: =AP3+150*60 -> 181800 | AQ4: =AO4*96 -> 96 | AR4: =AP4 -> 181800 | AS4: =IF(AQ4=0,0.0000000001,AQ4) -> 96
B5: =A4+300 -> 768000 | C5: =B5 -> 768000 | F5: 1e-10 | G5: 1e-10 | H5: =F5 -> 1e-10 | I5: =G5 -> 1e-10 | L5: 768000 | M5: 1e-10 | N5: 1e-10 | O5: 96 | Q5: 45226.75 | R5: 1 | S5: =S4+150*60 -> 190800 | T5: =R5*96 -> 96 | U5: =S5 -> 190800 | V5: =IF(T5=0,0.0000000001,T5) -> 96 | Y5: =X4+300 -> 768000 | Z5: =Y5 -> 768000 | AC5: 1e-10 | AD5: 1e-10 | AE5: =AC5 -> 1e-10 | AF5: =AD5 -> 1e-10 | AI5: 768000 | AJ5: 1e-10 | AK5: 1e-10 | AL5: 96 | AN5: 45226.75 | AO5: 1 | AP5: =AP4+150*60 -> 190800 | AQ5: =AO5*96 -> 96 | AR5: =AP5 -> 190800 | AS5: =IF(AQ5=0,0.0000000001,AQ5) -> 96
A6: 1044900 | C6: =A6 -> 1044900 | D6: 122 | E6: 486 | H6: =D6 -> 122 | I6: =E6 -> 486 | L6: 1044900 | M6: 122 | N6: 486 | O6: 96 | Q6: 45226.854 | R6: 1 | S6: =S5+150*60 -> 199800 | T6: =R6*96 -> 96 | U6: =S6 -> 199800 | V6: =IF(T6=0,0.0000000001,T6) -> 96 | X6: 1044900 | Z6: =X6 -> 1044900 | AA6: 122 | AB6: 486 | AE6: =AA6 -> 122 | AF6: =AB6 -> 486 | AI6: 1044900 | AJ6: 122 | AK6: 486 | AL6: 96 | AN6: 45226.854 | AO6: 1 | AP6: =AP5+150*60 -> 199800 | AQ6: =AO6*96 -> 96 | AR6: =AP6 -> 199800 | AS6: =IF(AQ6=0,0.0000000001,AQ6) -> 96
B7: =A6+300 -> 1045200 | C7: =B7 -> 1045200 | F7: 1e-10 | G7: 1e-10 | H7: =F7 -> 1e-10 | I7: =G7 -> 1e-10 | L7: 1045200 | M7: 1e-10 | N7: 1e-10 | O7: 96 | Q7: 45226.958 | R7: 1 | S7: =S6+150*60 -> 208800 | T7: =R7*96 -> 96 | U7: =S7 -> 208800 | V7: =IF(T7=0,0.0000000001,T7) -> 96 | Y7: =X6+300 -> 1045200 | Z7: =Y7 -> 1045200 | AC7: 1e-10 | AD7: 1e-10 | AE7: =AC7 -> 1e-10 | AF7: =AD7 -> 1e-10 | AI7: 1045200 | AJ7: 1e-10 | AK7: 1e-10 | AL7: 96 | AN7: 45226.958 | AO7: 1 | AP7: =AP6+150*60 -> 208800 | AQ7: =AO7*96 -> 96 | AR7: =AP7 -> 208800 | AS7: =IF(AQ7=0,0.0000000001,AQ7) -> 96
A8: 1216800 | C8: =A8 -> 1216800 | D8: 122 | E8: 486 | H8: =D8 -> 122 | I8: =E8 -> 486 | L8: 1216800 | M8: 122 | N8: 486 | O8: 96 | Q8: 45227.062 | R8: 1 | S8: =S7+150*60 -> 217800 | T8: =R8*96 -> 96 | U8: =S8 -> 217800 | V8: =IF(T8=0,0.0000000001,T8) -> 96 | X8: 1216800 | Z8: =X8 -> 1216800 | AA8: 122 | AB8: 486 | AE8: =AA8 -> 122 | AF8: =AB8 -> 486 | AI8: 1216800 | AJ8: 122 | AK8: 486 | AL8: 96 | AN8: 45227.062 | AO8: 1 | AP8: =AP7+150*60 -> 217800 | AQ8: =AO8*96 -> 96 | AR8: =AP8 -> 217800 | AS8: =IF(AQ8=0,0.0000000001,AQ8) -> 96
B9: =A8+300 -> 1217100 | C9: =B9 -> 1217100 | F9: 1e-10 | G9: 1e-10 | H9: =F9 -> 1e-10 | I9: =G9 -> 1e-10 | L9: 1217100 | M9: 1e-10 | N9: 1e-10 | O9: 96 | Q9: 45227.167 | R9: 1 | S9: =S8+150*60 -> 226800 | T9: =R9*96 -> 96 | U9: =S9 -> 226800 | V9: =IF(T9=0,0.0000000001,T9) -> 96 | Y9: =X8+300 -> 1217100 | Z9: =Y9 -> 1217100 | AC9: 1e-10 | AD9: 1e-10 | AE9: =AC9 -> 1e-10 | AF9: =AD9 -> 1e-10 | AI9: 1217100 | AJ9: 1e-10 | AK9: 1e-10 | AL9: 96 | AN9: 45227.167 | AO9: 1 | AP9: =AP8+150*60 -> 226800 | AQ9: =AO9*96 -> 96 | AR9: =AP9 -> 226800 | AS9: =IF(AQ9=0,0.0000000001,AQ9) -> 96
A10: 1369800 | C10: =A10 -> 1369800 | D10: 183 | E10: 730 | H10: =D10 -> 183 | I10: =E10 -> 730 | L10: 1369800 | M10: 183 | N10: 730 | O10: 96 | Q10: 45227.271 | R10: 1 | S10: =S9+150*60 -> 235800 | T10: =R10*96 -> 96 | U10: =S10 -> 235800 | V10: =IF(T10=0,0.0000000001,T10) -> 96 | X10: 1369800 | Z10: =X10 -> 1369800 | AA10: 183 | AB10: 730 | AE10: =AA10 -> 183 | AF10: =AB10 -> 730 | AI10: 1369800 | AJ10: 183 | AK10: 730 | AL10: 96 | AN10: 45227.271 | AO10: 1 | AP10: =AP9+150*60 -> 235800 | AQ10: =AO10*96 -> 96 | AR10: =AP10 -> 235800 | AS10: =IF(AQ10=0,0.0000000001,AQ10) -> 96
B11: =A10+300 -> 1370100 | C11: =B11 -> 1370100 | F11: 1e-10 | G11: 1e-10 | H11: =F11 -> 1e-10 | I11: =G11 -> 1e-10 | L11: 1370100 | M11: 1e-10 | N11: 1e-10 | O11: 96 | Q11: 45227.375 | R11: 0 | S11: =S10+150*60 -> 244800 | T11: =R11*96 -> 0 | U11: =S11 -> 244800 | V11: =IF(T11=0,0.0000000001,T11) -> 1e-10 | Y11: =X10+300 -> 1370100 | Z11: =Y11 -> 1370100 | AC11: 1e-10 | AD11: 1e-10 | AE11: =AC11 -> 1e-10 | AF11: =AD11 -> 1e-10 | AI11: 1370100 | AJ11: 1e-10 | AK11: 1e-10 | AL11: 96 | AN11: 45227.375 | AO11: 1 | AP11: =AP10+150*60 -> 244800 | AQ11: =AO11*96 -> 96 | AR11: =AP11 -> 244800 | AS11: =IF(AQ11=0,0.0000000001,AQ11) -> 96
A12: 1639800 | C12: =A12 -> 1639800 | D12: 122 | E12: 486 | H12: =D12 -> 122 | I12: =E12 -> 486 | L12: 1639800 | M12: 122 | N12: 486 | O12: 96 | Q12: 45227.479 | R12: 1 | S12: =S11+150*60 -> 253800 | T12: =R12*96 -> 96 | U12: =S12 -> 253800 | V12: =IF(T12=0,0.0000000001,T12) -> 96 | X12: 1639800 | Z12: =X12 -> 1639800 | AA12: 122 | AB12: 486 | AE12: =AA12 -> 122 | AF12: =AB12 -> 486 | AI12: 1639800 | AJ12: 122 | AK12: 486 | AL12: 96 | AN12: 45227.479 | AO12: 1 | AP12: =AP11+150*60 -> 253800 | AQ12: =AO12*96 -> 96 | AR12: =AP12 -> 253800 | AS12: =IF(AQ12=0,0.0000000001,AQ12) -> 96
B13: =A12+300 -> 1640100 | C13: =B13 -> 1640100 | F13: 1e-10 | G13: 1e-10 | H13: =F13 -> 1e-10 | I13: =G13 -> 1e-10 | L13: 1640100 | M13: 1e-10 | N13: 1e-10 | O13: 96 | Q13: 45227.583 | R13: 1 | S13: =S12+150*60 -> 262800 | T13: =R13*96 -> 96 | U13: =S13 -> 262800 | V13: =IF(T13=0,0.0000000001,T13) -> 96 | Y13: =X12+300 -> 1640100 | Z13: =Y13 -> 1640100 | AC13: 1e-10 | AD13: 1e-10 | AE13: =AC13 -> 1e-10 | AF13: =AD13 -> 1e-10 | AI13: 1640100 | AJ13: 1e-10 | AK13: 1e-10 | AL13: 96 | AN13: 45227.583 | AO13: 1 | AP13: =AP12+150*60 -> 262800 | AQ13: =AO13*96 -> 96 | AR13: =AP13 -> 262800 | AS13: =IF(AQ13=0,0.0000000001,AQ13) -> 96
A14: 1812600 | C14: =A14 -> 1812600 | D14: 122 | E14: 486 | H14: =D14 -> 122 | I14: =E14 -> 486 | L14: 1812600 | M14: 122 | N14: 486 | O14: 96 | Q14: 45227.688 | R14: 1 | S14: =S13+150*60 -> 271800 | T14: =R14*96 -> 96 | U14: =S14 -> 271800 | V14: =IF(T14=0,0.0000000001,T14) -> 96 | X14: 1814400 | Z14: =X14 -> 1814400 | AA14: 122 | AB14: 486 | AE14: =AA14 -> 122 | AF14: =AB14 -> 486 | AI14: 1814400 | AJ14: 122 | AK14: 486 | AL14: 96 | AN14: 45227.688 | AO14: 1 | AP14: =AP13+150*60 -> 271800 | AQ14: =AO14*96 -> 96 | AR14: =AP14 -> 271800 | AS14: =IF(AQ14=0,0.0000000001,AQ14) -> 96
B15: =A14+300 -> 1812900 | C15: =B15 -> 1812900 | F15: 1e-10 | G15: 1e-10 | H15: =F15 -> 1e-10 | I15: =G15 -> 1e-10 | L15: 1812900 | M15: 1e-10 | N15: 1e-10 | O15: 96 | Q15: 45227.792 | R15: 1 | S15: =S14+150*60 -> 280800 | T15: =R15*96 -> 96 | U15: =S15 -> 280800 | V15: =IF(T15=0,0.0000000001,T15) -> 96 | Y15: =X14+300 -> 1814700 | Z15: =Y15 -> 1814700 | AC15: 1e-10 | AD15: 1e-10 | AE15: =AC15 -> 1e-10 | AF15: =AD15 -> 1e-10 | AI15: 1814700 | AJ15: 1e-10 | AK15: 1e-10 | AL15: 96 | AN15: 45227.792 | AO15: 1 | AP15: =AP14+150*60 -> 280800 | AQ15: =AO15*96 -> 96 | AR15: =AP15 -> 280800 | AS15: =IF(AQ15=0,0.0000000001,AQ15) -> 96
A16: 1987200 | C16: =A16 -> 1987200 | D16: 183 | E16: 730 | H16: =D16 -> 183 | I16: =E16 -> 730 | L16: 1987200 | M16: 183 | N16: 730 | O16: 96 | Q16: 45227.896 | R16: 1 | S16: =S15+150*60 -> 289800 | T16: =R16*96 -> 96 | U16: =S16 -> 289800 | V16: =IF(T16=0,0.0000000001,T16) -> 96 | X16: 1973700 | Z16: =X16 -> 1973700 | AA16: 183 | AB16: 730 | AE16: =AA16 -> 183 | AF16: =AB16 -> 730 | AI16: 1973700 | AJ16: 183 | AK16: 730 | AL16: 96 | AN16: 45227.896 | AO16: 1 | AP16: =AP15+150*60 -> 289800 | AQ16: =AO16*96 -> 96 | AR16: =AP16 -> 289800 | AS16: =IF(AQ16=0,0.0000000001,AQ16) -> 96
B17: =A16+300 -> 1987500 | C17: =B17 -> 1987500 | F17: 1e-10 | G17: 1e-10 | H17: =F17 -> 1e-10 | I17: =G17 -> 1e-10 | L17: 1987500 | M17: 1e-10 | N17: 1e-10 | O17: 96 | Q17: 45228 | R17: 2 | S17: =S16+150*60 -> 298800 | T17: =R17*96 -> 192 | U17: =S17 -> 298800 | V17: =IF(T17=0,0.0000000001,T17) -> 192 | Y17: =X16+300 -> 1974000 | Z17: =Y17 -> 1974000 | AC17: 1e-10 | AD17: 1e-10 | AE17: =AC17 -> 1e-10 | AF17: =AD17 -> 1e-10 | AI17: 1974000 | AJ17: 1e-10 | AK17: 1e-10 | AL17: 96 | AN17: 45228 | AO17: 2 | AP17: =AP16+150*60 -> 298800 | AQ17: =AO17*96 -> 192 | AR17: =AP17 -> 298800 | AS17: =IF(AQ17=0,0.0000000001,AQ17) -> 192
A18: 2239200 | C18: =A18 -> 2239200 | D18: 122 | E18: 486 | H18: =D18 -> 122 | I18: =E18 -> 486 | L18: 2239200 | M18: 122 | N18: 486 | O18: 96 | Q18: 45228.104 | R18: 1 | S18: =S17+150*60 -> 307800 | T18: =R18*96 -> 96 | U18: =S18 -> 307800 | V18: =IF(T18=0,0.0000000001,T18) -> 96 | X18: 2242800 | Z18: =X18 -> 2242800 | AA18: 122 | AB18: 486 | AE18: =AA18 -> 122 | AF18: =AB18 -> 486 | AI18: 2242800 | AJ18: 122 | AK18: 486 | AL18: 96 | AN18: 45228.104 | AO18: 1 | AP18: =AP17+150*60 -> 307800 | AQ18: =AO18*96 -> 96 | AR18: =AP18 -> 307800 | AS18: =IF(AQ18=0,0.0000000001,AQ18) -> 96
B19: =A18+300 -> 2239500 | C19: =B19 -> 2239500 | F19: 1e-10 | G19: 1e-10 | H19: =F19 -> 1e-10 | I19: =G19 -> 1e-10 | L19: 2239500 | M19: 1e-10 | N19: 1e-10 | O19: 96 | Q19: 45228.208 | R19: 1 | S19: =S18+150*60 -> 316800 | T19: =R19*96 -> 96 | U19: =S19 -> 316800 | V19: =IF(T19=0,0.0000000001,T19) -> 96 | Y19: =X18+300 -> 2243100 | Z19: =Y19 -> 2243100 | AC19: 1e-10 | AD19: 1e-10 | AE19: =AC19 -> 1e-10 | AF19: =AD19 -> 1e-10 | AI19: 2243100 | AJ19: 1e-10 | AK19: 1e-10 | AL19: 96 | AN19: 45228.208 | AO19: 1 | AP19: =AP18+150*60 -> 316800 | AQ19: =AO19*96 -> 96 | AR19: =AP19 -> 316800 | AS19: =IF(AQ19=0,0.0000000001,AQ19) -> 96
A20: 2408400 | C20: =A20 -> 2408400 | D20: 122 | E20: 486 | H20: =D20 -> 122 | I20: =E20 -> 486 | L20: 2408400 | M20: 122 | N20: 486 | O20: 96 | Q20: 45228.312 | R20: 1 | S20: =S19+150*60 -> 325800 | T20: =R20*96 -> 96 | U20: =S20 -> 325800 | V20: =IF(T20=0,0.0000000001,T20) -> 96 | X20: 2419200 | Z20: =X20 -> 2419200 | AA20: 122 | AB20: 486 | AE20: =AA20 -> 122 | AF20: =AB20 -> 486 | AI20: 2419200 | AJ20: 122 | AK20: 486 | AL20: 96 | AN20: 45228.312 | AO20: 1 | AP20: =AP19+150*60 -> 325800 | AQ20: =AO20*96 -> 96 | AR20: =AP20 -> 325800 | AS20: =IF(AQ20=0,0.0000000001,AQ20) -> 96
B21: =A20+300 -> 2408700 | C21: =B21 -> 2408700 | F21: 1e-10 | G21: 1e-10 | H21: =F21 -> 1e-10 | I21: =G21 -> 1e-10 | L21: 2408700 | M21: 1e-10 | N21: 1e-10 | O21: 96 | Q21: 45228.417 | R21: 1 | S21: =S20+150*60 -> 334800 | T21: =R21*96 -> 96 | U21: =S21 -> 334800 | V21: =IF(T21=0,0.0000000001,T21) -> 96 | Y21: =X20+300 -> 2419500 | Z21: =Y21 -> 2419500 | AC21: 1e-10 | AD21: 1e-10 | AE21: =AC21 -> 1e-10 | AF21: =AD21 -> 1e-10 | AI21: 2419500 | AJ21: 1e-10 | AK21: 1e-10 | AL21: 96 | AN21: 45228.417 | AO21: 1 | AP21: =AP20+150*60 -> 334800 | AQ21: =AO21*96 -> 96 | AR21: =AP21 -> 334800 | AS21: =IF(AQ21=0,0.0000000001,AQ21) -> 96
A22: 2599800 | C22: =A22 -> 2599800 | D22: 183 | E22: 730 | H22: =D22 -> 183 | I22: =E22 -> 730 | L22: 2599800 | M22: 183 | N22: 730 | O22: 96 | Q22: 45228.521 | R22: 1 | S22: =S21+150*60 -> 343800 | T22: =R22*96 -> 96 | U22: =S22 -> 343800 | V22: =IF(T22=0,0.0000000001,T22) -> 96 | X22: 2599800 | Z22: =X22 -> 2599800 | AA22: 183 | AB22: 730 | AE22: =AA22 -> 183 | AF22: =AB22 -> 730 | AI22: 2599800 | AJ22: 183 | AK22: 730 | AL22: 96 | AN22: 45228.521 | AO22: 1 | AP22: =AP21+150*60 -> 343800 | AQ22: =AO22*96 -> 96 | AR22: =AP22 -> 343800 | AS22: =IF(AQ22=0,0.0000000001,AQ22) -> 96
B23: =A22+300 -> 2600100 | C23: =B23 -> 2600100 | F23: 1e-10 | G23: 1e-10 | H23: =F23 -> 1e-10 | I23: =G23 -> 1e-10 | L23: 2600100 | M23: 1e-10 | N23: 1e-10 | O23: 96 | Q23: 45228.625 | R23: 1 | S23: =S22+150*60 -> 352800 | T23: =R23*96 -> 96 | U23: =S23 -> 352800 | V23: =IF(T23=0,0.0000000001,T23) -> 96 | Y23: =X22+300 -> 2600100 | Z23: =Y23 -> 2600100 | AC23: 1e-10 | AD23: 1e-10 | AE23: =AC23 -> 1e-10 | AF23: =AD23 -> 1e-10 | AI23: 2600100 | AJ23: 1e-10 | AK23: 1e-10 | AL23: 96 | AN23: 45228.625 | AO23: 1 | AP23: =AP22+150*60 -> 352800 | AQ23: =AO23*96 -> 96 | AR23: =AP23 -> 352800 | AS23: =IF(AQ23=0,0.0000000001,AQ23) -> 96
A24: 2851200 | C24: =A24 -> 2851200 | D24: 122 | E24: 486 | H24: =D24 -> 122 | I24: =E24 -> 486 | L24: 2851200 | M24: 122 | N24: 486 | O24: 96 | Q24: 45228.729 | R24: 1 | S24: =S23+150*60 -> 361800 | T24: =R24*96 -> 96 | U24: =S24 -> 361800 | V24: =IF(T24=0,0.0000000001,T24) -> 96 | X24: 2851200 | Z24: =X24 -> 2851200 | AA24: 122 | AB24: 486 | AE24: =AA24 -> 122 | AF24: =AB24 -> 486 | AI24: 2851200 | AJ24: 122 | AK24: 486 | AL24: 96 | AN24: 45228.729 | AO24: 1 | AP24: =AP23+150*60 -> 361800 | AQ24: =AO24*96 -> 96 | AR24: =AP24 -> 361800 | AS24: =IF(AQ24=0,0.0000000001,AQ24) -> 96
B25: =A24+300 -> 2851500 | C25: =B25 -> 2851500 | F25: 1e-10 | G25: 1e-10 | H25: =F25 -> 1e-10 | I25: =G25 -> 1e-10 | L25: 2851500 | M25: 1e-10 | N25: 1e-10 | O25: 96 | Q25: 45228.833 | R25: 1 | S25: =S24+150*60 -> 370800 | T25: =R25*96 -> 96 | U25: =S25 -> 370800 | V25: =IF(T25=0,0.0000000001,T25) -> 96 | Y25: =X24+300 -> 2851500 | Z25: =Y25 -> 2851500 | AC25: 1e-10 | AD25: 1e-10 | AE25: =AC25 -> 1e-10 | AF25: =AD25 -> 1e-10 | AI25: 2851500 | AJ25: 1e-10 | AK25: 1e-10 | AL25: 96 | AN25: 45228.833 | AO25: 1 | AP25: =AP24+150*60 -> 370800 | AQ25: =AO25*96 -> 96 | AR25: =AP25 -> 370800 | AS25: =IF(AQ25=0,0.0000000001,AQ25) -> 96
A26: 3024000 | C26: =A26 -> 3024000 | D26: 122 | E26: 486 | H26: =D26 -> 122 | I26: =E26 -> 486 | L26: 3024000 | M26: 122 | N26: 486 | O26: 96 | Q26: 45228.938 | R26: 1 | S26: =S25+150*60 -> 379800 | T26: =R26*96 -> 96 | U26: =S26 -> 379800 | V26: =IF(T26=0,0.0000000001,T26) -> 96 | X26: 3024000 | Z26: =X26 -> 3024000 | AA26: 122 | AB26: 486 | AE26: =AA26 -> 122 | AF26: =AB26 -> 486 | AI26: 3024000 | AJ26: 122 | AK26: 486 | AL26: 96 | AN26: 45228.938 | AO26: 1 | AP26: =AP25+150*60 -> 379800 | AQ26: =AO26*96 -> 96 | AR26: =AP26 -> 379800 | AS26: =IF(AQ26=0,0.0000000001,AQ26) -> 96
B27: =A26+300 -> 3024300 | C27: =B27 -> 3024300 | F27: 1e-10 | G27: 1e-10 | H27: =F27 -> 1e-10 | I27: =G27 -> 1e-10 | L27: 3024300 | M27: 1e-10 | N27: 1e-10 | O27: 96 | Q27: 45229.042 | R27: 1 | S27: =S26+150*60 -> 388800 | T27: =R27*96 -> 96 | U27: =S27 -> 388800 | V27: =IF(T27=0,0.0000000001,T27) -> 96 | Y27: =X26+300 -> 3024300 | Z27: =Y27 -> 3024300 | AC27: 1e-10 | AD27: 1e-10 | AE27: =AC27 -> 1e-10 | AF27: =AD27 -> 1e-10 | AI27: 3024300 | AJ27: 1e-10 | AK27: 1e-10 | AL27: 96 | AN27: 45229.042 | AO27: 1 | AP27: =AP26+150*60 -> 388800 | AQ27: =AO27*96 -> 96 | AR27: =AP27 -> 388800 | AS27: =IF(AQ27=0,0.0000000001,AQ27) -> 96
A28: 3199200 | C28: =A28 -> 3199200 | D28: 91.5 | E28: 365 | H28: =D28 -> 91.5 | I28: =E28 -> 365 | L28: 3199200 | M28: 91.5 | N28: 365 | O28: 96 | Q28: 45229.146 | R28: 1 | S28: =S27+150*60 -> 397800 | T28: =R28*96 -> 96 | U28: =S28 -> 397800 | V28: =IF(T28=0,0.0000000001,T28) -> 96 | X28: 3199200 | Z28: =X28 -> 3199200 | AA28: 91.5 | AB28: 365 | AE28: =AA28 -> 91.5 | AF28: =AB28 -> 365 | AI28: 3199200 | AJ28: 91.5 | AK28: 365 | AL28: 96 | AN28: 45229.146 | AO28: 1 | AP28: =AP27+150*60 -> 397800 | AQ28: =AO28*96 -> 96 | AR28: =AP28 -> 397800 | AS28: =IF(AQ28=0,0.0000000001,AQ28) -> 96
B29: =A28+300 -> 3199500 | C29: =B29 -> 3199500 | F29: 1e-10 | G29: 1e-10 | H29: =F29 -> 1e-10 | I29: =G29 -> 1e-10 | L29: 3199500 | M29: 1e-10 | N29: 1e-10 | O29: 96 | Q29: 45229.25 | R29: 1 | S29: =S28+150*60 -> 406800 | T29: =R29*96 -> 96 | U29: =S29 -> 406800 | V29: =IF(T29=0,0.0000000001,T29) -> 96 | Y29: =X28+300 -> 3199500 | Z29: =Y29 -> 3199500 | AC29: 1e-10 | AD29: 1e-10 | AE29: =AC29 -> 1e-10 | AF29: =AD29 -> 1e-10 | AI29: 3199500 | AJ29: 1e-10 | AK29: 1e-10 | AL29: 96 | AN29: 45229.25 | AO29: 1 | AP29: =AP28+150*60 -> 406800 | AQ29: =AO29*96 -> 96 | AR29: =AP29 -> 406800 | AS29: =IF(AQ29=0,0.0000000001,AQ29) -> 96
A30: 3466800 | C30: =A30 -> 3466800 | D30: 61 | E30: 243 | H30: =D30 -> 61 | I30: =E30 -> 243 | L30: 3466800 | M30: 61 | N30: 243 | O30: 96 | Q30: 45229.354 | R30: 1 | S30: =S29+150*60 -> 415800 | T30: =R30*96 -> 96 | U30: =S30 -> 415800 | V30: =IF(T30=0,0.0000000001,T30) -> 96 | X30: 3466800 | Z30: =X30 -> 3466800 | AA30: 61 | AB30: 243 | AE30: =AA30 -> 61 | AF30: =AB30 -> 243 | AI30: 3466800 | AJ30: 61 | AK30: 243 | AL30: 96 | AN30: 45229.354 | AO30: 1 | AP30: =AP29+150*60 -> 415800 | AQ30: =AO30*96 -> 96 | AR30: =AP30 -> 415800 | AS30: =IF(AQ30=0,0.0000000001,AQ30) -> 96
B31: =A30+300 -> 3467100 | C31: =B31 -> 3467100 | F31: 1e-10 | G31: 1e-10 | H31: =F31 -> 1e-10 | I31: =G31 -> 1e-10 | L31: 3467100 | M31: 1e-10 | N31: 1e-10 | O31: 96 | Q31: 45229.458 | R31: 74 | S31: =S30+150*60 -> 424800 | T31: 0 | U31: =S31 -> 424800 | V31: =IF(T31=0,0.0000000001,T31) -> 1e-10 | Y31: =X30+300 -> 3467100 | Z31: =Y31 -> 3467100 | AC31: 1e-10 | AD31: 1e-10 | AE31: =AC31 -> 1e-10 | AF31: =AD31 -> 1e-10 | AI31: 3467100 | AJ31: 1e-10 | AK31: 1e-10 | AL31: 96 | AN31: 45229.458 | AO31: 75 | AP31: =AP30+150*60 -> 424800 | AQ31: 0 | AR31: =AP31 -> 424800 | AS31: =IF(AQ31=0,0.0000000001,AQ31) -> 1e-10
A32: 3627000 | C32: =A32 -> 3627000 | D32: 122 | E32: 486 | H32: =D32 -> 122 | I32: =E32 -> 486 | L32: 3627000 | M32: 122 | N32: 486 | O32: 96 | Q32: 45229.562 | R32: 0 | S32: =S31+150*60 -> 433800 | T32: =R32*96 -> 0 | U32: =S32 -> 433800 | V32: =IF(T32=0,0.0000000001,T32) -> 1e-10 | X32: 3627000 | Z32: =X32 -> 3627000 | AA32: 122 | AB32: 486 | AE32: =AA32 -> 122 | AF32: =AB32 -> 486 | AI32: 3627000 | AJ32: 122 | AK32: 486 | AL32: 96 | AN32: 45229.562 | AO32: 0 | AP32: =AP31+150*60 -> 433800 | AQ32: =AO32*96 -> 0 | AR32: =AP32 -> 433800 | AS32: =IF(AQ32=0,0.0000000001,AQ32) -> 1e-10
B33: =A32+300 -> 3627300 | C33: =B33 -> 3627300 | F33: 1e-10 | G33: 1e-10 | H33: =F33 -> 1e-10 | I33: =G33 -> 1e-10 | L33: 3627300 | M33: 1e-10 | N33: 1e-10 | O33: 96 | Q33: 45229.667 | R33: 0 | S33: =S32+150*60 -> 442800 | T33: =R33*96 -> 0 | U33: =S33 -> 442800 | V33: =IF(T33=0,0.0000000001,T33) -> 1e-10 | Y33: =X32+300 -> 3627300 | Z33: =Y33 -> 3627300 | AC33: 1e-10 | AD33: 1e-10 | AE33: =AC33 -> 1e-10 | AF33: =AD33 -> 1e-10 | AI33: 3627300 | AJ33: 1e-10 | AK33: 1e-10 | AL33: 96 | AN33: 45229.667 | AO33: 0 | AP33: =AP32+150*60 -> 442800 | AQ33: =AO33*96 -> 0 | AR33: =AP33 -> 442800 | AS33: =IF(AQ33=0,0.0000000001,AQ33) -> 1e-10
A34: 4055700 | C34: =A34 -> 4055700 | D34: 122 | E34: 0 | H34: =D34 -> 122 | I34: =E34 -> 0 | L34: 4055700 | M34: 122 | N34: 0 | O34: 96 | Q34: 45229.771 | R34: 0 | S34: =S33+150*60 -> 451800 | T34: =R34*96 -> 0 | U34: =S34 -> 451800 | V34: =IF(T34=0,0.0000000001,T34) -> 1e-10 | X34: 4055700 | Z34: =X34 -> 4055700 | AA34: 0 | AB34: 0 | AE34: =AA34 -> 0 | AF34: =AB34 -> 0 | AI34: 4055700 | AJ34: 0 | AK34: 0 | AL34: 96 | AN34: 45229.771 | AO34: 0 | AP34: =AP33+150*60 -> 451800 | AQ34: =AO34*96 -> 0 | AR34: =AP34 -> 451800 | AS34: =IF(AQ34=0,0.0000000001,AQ34) -> 1e-10
B35: =A34+300 -> 4056000 | C35: =B35 -> 4056000 | F35: 1e-10 | G35: 1e-10 | H35: =F35 -> 1e-10 | I35: =G35 -> 1e-10 | L35: 4056000 | M35: 1e-10 | N35: 1e-10 | O35: 96 | Q35: 45229.875 | R35: 0 | S35: =S34+150*60 -> 460800 | T35: =R35*96 -> 0 | U35: =S35 -> 460800 | V35: =IF(T35=0,0.0000000001,T35) -> 1e-10 | Y35: =X34+300 -> 4056000 | Z35: =Y35 -> 4056000 | AC35: 1e-10 | AD35: 1e-10 | AE35: =AC35 -> 1e-10 | AF35: =AD35 -> 1e-10 | AI35: 4056000 | AJ35: 1e-10 | AK35: 1e-10 | AN35: 45229.875 | AO35: 0 | AP35: =AP34+150*60 -> 460800 | AQ35: =AO35*96 -> 0 | AR35: =AP35 -> 460800 | AS35: =IF(AQ35=0,0.0000000001,AQ35) -> 1e-10
A36: 4056600 | C36: =A36 -> 4056600 | D36: 0 | E36: 486 | H36: =D36 -> 0 | I36: =E36 -> 486 | L36: 4056600 | M36: 0 | N36: 486 | O36: 96 | Q36: 45229.979 | R36: 0 | S36: =S35+150*60 -> 469800 | T36: =R36*96 -> 0 | U36: =S36 -> 469800 | V36: =IF(T36=0,0.0000000001,T36) -> 1e-10 | X36: 4056600 | Z36: =X36 -> 4056600 | AA36: 0 | AB36: 486 | AE36: =AA36 -> 0 | AF36: =AB36 -> 486 | AI36: 4056600 | AJ36: 0 | AK36: 486 | AN36: 45229.979 | AO36: 0 | AP36: =AP35+150*60 -> 469800 | AQ36: =AO36*96 -> 0 | AR36: =AP36 -> 469800 | AS36: =IF(AQ36=0,0.0000000001,AQ36) -> 1e-10
B37: =A36+300 -> 4056900 | C37: =B37 -> 4056900 | F37: 1e-10 | G37: 1e-10 | H37: =F37 -> 1e-10 | I37: =G37 -> 1e-10 | L37: 4056900 | M37: 1e-10 | N37: 1e-10 | O37: 96 | Q37: 45230.083 | R37: 0 | S37: =S36+150*60 -> 478800 | T37: =R37*96 -> 0 | U37: =S37 -> 478800 | V37: =IF(T37=0,0.0000000001,T37) -> 1e-10 | Y37: =X36+300 -> 4056900 | Z37: =Y37 -> 4056900 | AC37: 1e-10 | AD37: 1e-10 | AE37: =AC37 -> 1e-10 | AF37: =AD37 -> 1e-10 | AI37: 4056900 | AJ37: 1e-10 | AK37: 1e-10 | AN37: 45230.083 | AO37: 0 | AP37: =AP36+150*60 -> 478800 | AQ37: =AO37*96 -> 0 | AR37: =AP37 -> 478800 | AS37: =IF(AQ37=0,0.0000000001,AQ37) -> 1e-10
A38: 4231800 | C38: =A38 -> 4231800 | D38: 122 | E38: 486 | H38: =D38 -> 122 | I38: =E38 -> 486 | L38: 4231800 | M38: 122 | N38: 486 | O38: 96 | Q38: 45230.188 | R38: 0 | S38: =S37+150*60 -> 487800 | T38: =R38*96 -> 0 | U38: =S38 -> 487800 | V38: =IF(T38=0,0.0000000001,T38) -> 1e-10 | X38: 4231800 | Z38: =X38 -> 4231800 | AA38: 122 | AB38: 486 | AE38: =AA38 -> 122 | AF38: =AB38 -> 486 | AI38: 4231800 | AJ38: 122 | AK38: 486 | AN38: 45230.188 | AO38: 0 | AP38: =AP37+150*60 -> 487800 | AQ38: =AO38*96 -> 0 | AR38: =AP38 -> 487800 | AS38: =IF(AQ38=0,0.0000000001,AQ38) -> 1e-10
B39: =A38+300 -> 4232100 | C39: =B39 -> 4232100 | F39: 1e-10 | G39: 1e-10 | H39: =F39 -> 1e-10 | I39: =G39 -> 1e-10 | L39: 4232100 | M39: 1e-10 | N39: 1e-10 | O39: 96 | Q39: 45230.292 | R39: 0 | S39: =S38+150*60 -> 496800 | T39: =R39*96 -> 0 | U39: =S39 -> 496800 | V39: =IF(T39=0,0.0000000001,T39) -> 1e-10 | Y39: =X38+300 -> 4232100 | Z39: =Y39 -> 4232100 | AC39: 1e-10 | AD39: 1e-10 | AE39: =AC39 -> 1e-10 | AF39: =AD39 -> 1e-10 | AI39: 4232100 | AJ39: 1e-10 | AK39: 1e-10 | AN39: 45230.292 | AO39: 0 | AP39: =AP38+150*60 -> 496800 | AQ39: =AO39*96 -> 0 | AR39: =AP39 -> 496800 | AS39: =IF(AQ39=0,0.0000000001,AQ39) -> 1e-10
A40: 4406400 | C40: =A40 -> 4406400 | D40: 183 | E40: 730 | H40: =D40 -> 183 | I40: =E40 -> 730 | L40: 4406400 | M40: 183 | N40: 730 | O40: 96 | Q40: 45230.396 | R40: 0 | S40: =S39+150*60 -> 505800 | T40: =R40*96 -> 0 | U40: =S40 -> 505800 | V40: =IF(T40=0,0.0000000001,T40) -> 1e-10 | X40: 4411800 | Z40: =X40 -> 4411800 | AA40: 183 | AB40: 730 | AE40: =AA40 -> 183 | AF40: =AB40 -> 730 | AI40: 4411800 | AJ40: 183 | AK40: 730 | AN40: 45230.396 | AO40: 0 | AP40: =AP39+150*60 -> 505800 | AQ40: =AO40*96 -> 0 | AR40: =AP40 -> 505800 | AS40: =IF(AQ40=0,0.0000000001,AQ40) -> 1e-10
